note,#ID,date,tesi,Fila,pianta,shoot,length (cm),diametro (mm),type,#nodes,internodo(cm),Amenti,Legno,Miste,cluster,nuts,Cieche,#osserv,oss/node,nut set,%M,%L,%A,%C,,,,,,
,1,2020,inne,3,4,1,43,6.14,VLo,17,2.53,12,17,9,3,9,1,39,2.29,100%,23%,44%,31%,3%,,,,,,
,2,2020,inne,3,4,2,25,4.44,Lo,10,2.50,10,4,7,3,9,3,24,2.40,129%,29%,17%,42%,13%,,,,,,
,3,2020,inne,3,4,3,42.5,7.08,VLo,20,2.13,13,16,15,5,18,0,44,2.20,120%,34%,36%,30%,0%,,,,,,
,4,2020,inne,3,4,4,30.5,4.7,Lo,12,2.54,13,8,5,2,5,3,29,2.42,100%,17%,28%,45%,10%,,,,,,
,5,2020,inne,3,4,5,5.5,2.46,Me,5,1.10,3,4,0,0,0,1,8,1.60,,0%,50%,38%,13%,,,,,,
,6,2020,inne,3,4,6,39,4.32,Lo,11,3.55,8,12,2,0,0,1,23,2.09,0%,9%,52%,35%,4%,,,,,,
,7,2020,inne,3,4,7,36,4.56,Lo,11,3.27,6,6,7,4,10,2,21,1.91,143%,33%,29%,29%,10%,,,,,,
,8,2020,inne,3,4,8,43.5,5.64,VLo,15,2.90,7,17,2,1,3,1,27,1.80,150%,7%,63%,26%,4%,,,,,,
,9,2020,inne,3,4,9,16.5,3.88,Me,8,2.06,6,8,2,0,0,2,18,2.25,0%,11%,44%,33%,11%,,,,,,
,10,2020,inne,3,4,10,40,5,Lo,15,2.67,6,13,4,2,3,3,26,1.73,75%,15%,50%,23%,12%,,,,,,
,11,2020,inne,3,5,11,42,5.1,VLo,17,2.47,1,15,8,5,9,2,26,1.53,113%,31%,58%,4%,8%,,,,,,
,12,2020,inne,3,5,12,50,6.43,VLo,15,3.33,0,10,7,0,0,1,18,1.20,0%,39%,56%,0%,6%,,,,,,
,13,2020,inne,3,5,13,39,4.92,Lo,14,2.79,4,9,8,4,10,0,21,1.50,125%,38%,43%,19%,0%,,,,,,
,14,2020,inne,3,5,14,31,4.44,Lo,11,2.82,8,8,7,2,3,1,24,2.18,43%,29%,33%,33%,4%,,,,,,
,15,2020,inne,3,5,15,65,6.8,VLo,18,3.61,5,9,12,7,13,2,28,1.56,108%,43%,32%,18%,7%,,,,,,
,16,2020,inne,3,5,16,49,6.26,VLo,17,2.88,8,15,8,0,0,2,33,1.94,0%,24%,45%,24%,6%,,,,,,
,17,2020,inne,3,5,17,4.5,2.64,Sh,4,1.13,1,3,1,1,1,1,6,1.50,100%,17%,50%,17%,17%,,,,,,
,18,2020,inne,3,5,18,45,5.56,VLo,15,3.00,6,4,12,5,12,3,25,1.67,100%,48%,16%,24%,12%,,,,,,
,19,2020,inne,3,5,19,13,3.52,Me,7,1.86,6,5,2,0,0,3,16,2.29,0%,13%,31%,38%,19%,,,,,,
,20,2020,inne,3,5,20,42,6.18,VLo,16,2.63,9,14,7,2,6,3,33,2.06,86%,21%,42%,27%,9%,,,,,,
,21,2020,inne,3,5,21,47.5,7.32,VLo,17,2.79,8,14,9,3,9,1,32,1.88,100%,28%,44%,25%,3%,,,,,,
,22,2020,inne,3,5,22,42,6.44,VLo,15,2.80,9,12,9,3,8,1,31,2.07,89%,29%,39%,29%,3%,,,,,,
,23,2020,inne,3,5,23,4,2.96,Sh,2,2.00,0,0,2,0,0,0,2,1.00,0%,100%,0%,0%,0%,,,,,,
,24,2020,inne,3,5,24,57,6.71,VLo,20,2.85,9,16,10,4,9,0,35,1.75,90%,29%,46%,26%,0%,,,,,,
,25,2020,inne,3,5,25,38,5.64,Lo,15,2.53,4,9,8,0,0,1,22,1.47,0%,36%,41%,18%,5%,,,,,,
,26,2020,inne,3,5,26,3.5,2.45,Sh,3,1.17,0,3,0,0,0,0,3,1.00,,0%,100%,0%,0%,,,,,,
,27,2020,inne,3,5,27,45.5,5.58,VLo,17,2.68,6,12,10,5,7,2,30,1.76,70%,33%,40%,20%,7%,,,,,,
,28,2020,inne,3,5,28,41,6.07,VLo,16,2.56,12,19,2,0,0,2,35,2.19,0%,6%,54%,34%,6%,,,,,,
,29,2020,inne,3,5,29,23,5.59,Lo,10,2.30,7,7,7,2,9,3,24,2.40,129%,29%,29%,29%,13%,,,,,,
,30,2020,inne,3,5,30,38.2,5.9,Lo,15,2.55,0,6,9,4,9,4,19,1.27,100%,47%,32%,0%,21%,,,,,,
,31,2020,inne,3,5,31,15.5,3.5,Me,8,1.94,7,3,7,1,1,2,19,2.38,14%,37%,16%,37%,11%,,,,,,
,32,2020,inne,3,5,32,41,6.52,VLo,17,2.41,4,15,5,2,3,2,26,1.53,60%,19%,58%,15%,8%,,,,,,
,33,2020,inne,3,5,33,4,2.08,Sh,3,1.33,0,3,0,0,0,0,3,1.00,,0%,100%,0%,0%,,,,,,
,34,2020,inne,3,5,34,40,5.07,Lo,15,2.67,6,8,9,5,12,1,24,1.60,133%,38%,33%,25%,4%,,,,,,
,35,2020,inne,3,5,35,8,3.55,Me,7,1.14,5,4,4,2,4,2,15,2.14,100%,27%,27%,33%,13%,,,,,,
,36,2020,inne,3,5,36,40,6.34,Lo,17,2.35,9,11,12,5,17,2,34,2.00,142%,35%,32%,26%,6%,,,,,,
,37,2020,inne,3,5,37,40,3.43,Lo,17,2.35,3,8,7,3,5,5,23,1.35,71%,30%,35%,13%,22%,,,,,,
,38,2020,inne,3,5,38,8,3.23,Me,5,1.60,7,2,5,1,3,2,16,3.20,60%,31%,13%,44%,13%,,,,,,
,39,2020,inne,3,5,39,9.5,3.5,Me,6,1.58,10,5,3,1,5,2,20,3.33,167%,15%,25%,50%,10%,,,,,,
,40,2020,inne,3,5,40,21,3.77,Lo,5,4.20,4,0,4,3,6,2,10,2.00,150%,40%,0%,40%,20%,,,,,,
,41,2020,inne,3,5,41,21.2,3.59,Lo,9,2.36,8,7,8,2,4,2,25,2.78,50%,32%,28%,32%,8%,,,,,,
,42,2020,inne,3,5,42,35,5.73,Lo,16,2.19,2,14,5,4,12,0,21,1.31,240%,24%,67%,10%,0%,,,,,,
,43,2020,inne,3,5,43,30,4.89,Lo,13,2.31,5,7,8,3,5,3,23,1.77,63%,35%,30%,22%,13%,,,,,,
,44,2020,inne,3,5,44,36,5.37,Lo,16,2.25,11,16,5,2,5,3,35,2.19,100%,14%,46%,31%,9%,,,,,,
,45,2020,inne,3,5,45,10.2,3.58,Me,7,1.46,5,6,5,2,4,3,19,2.71,80%,26%,32%,26%,16%,,,,,,
,46,2020,inne,3,5,46,6.1,2.53,Me,5,1.22,4,2,3,1,2,1,10,2.00,67%,30%,20%,40%,10%,,,,,,
,47,2020,inne,3,5,47,28,4.24,Lo,11,2.55,8,8,7,2,8,2,25,2.27,114%,28%,32%,32%,8%,,,,,,
,48,2020,inne,3,5,48,7,2.69,Me,5,1.40,5,0,2,0,0,3,10,2.00,0%,20%,0%,50%,30%,,,,,,
,49,2020,inne,3,5,49,20,3.93,Me,9,2.22,12,4,5,2,4,3,24,2.67,80%,21%,17%,50%,13%,,,,,,
,50,2020,inne,3,4,50,28.5,5.05,Lo,11,2.59,9,10,4,0,0,3,26,2.36,0%,15%,38%,35%,12%,,,,,,
,51,2020,inne,3,4,51,28,4.77,Lo,11,2.55,10,15,3,1,1,0,28,2.55,33%,11%,54%,36%,0%,,,,,,
,52,2020,inne,3,4,52,16,4.32,Me,8,2.00,4,9,2,1,3,2,17,2.13,150%,12%,53%,24%,12%,,,,,,
,53,2020,inne,3,4,53,27,5.63,Lo,12,2.25,13,7,12,8,21,2,34,2.83,175%,35%,21%,38%,6%,,,,,,
,54,2020,inne,3,4,54,33,5.64,Lo,14,2.36,16,12,7,4,5,0,35,2.50,71%,20%,34%,46%,0%,,,,,,
,55,2020,inne,3,4,55,24.8,4.46,Lo,15,1.65,9,8,7,0,0,3,27,1.80,0%,26%,30%,33%,11%,,,,,,
,56,2020,inne,3,4,56,3,2.33,Sh,4,0.75,1,2,0,0,0,1,4,1.00,,0%,50%,25%,25%,,,,,,
,57,2020,inne,3,4,57,8,3.22,Me,4,2.00,4,0,3,0,0,2,9,2.25,0%,33%,0%,44%,22%,,,,,,
,58,2020,inne,3,4,58,31,5.41,Lo,13,2.38,7,13,1,0,0,3,24,1.85,0%,4%,54%,29%,13%,,,,,,
,59,2020,inne,3,4,59,24.5,4.89,Lo,10,2.45,2,9,4,1,2,2,17,1.70,50%,24%,53%,12%,12%,,,,,,
,60,2020,inne,3,4,60,3,2.81,Sh,3,1.00,0,3,0,0,0,0,3,1.00,,0%,100%,0%,0%,,,,,,
,61,2020,inne,3,4,61,24,4.3,Lo,10,2.40,8,5,4,3,9,4,21,2.10,225%,19%,24%,38%,19%,,,,,,
,62,2020,inne,3,4,62,24,4.73,Lo,10,2.40,9,9,3,1,2,1,22,2.20,67%,14%,41%,41%,5%,,,,,,
,63,2020,inne,3,4,63,6,2.97,Me,6,1.00,6,2,5,2,4,4,17,2.83,80%,29%,12%,35%,24%,,,,,,
,64,2020,inne,3,4,64,6,3.61,Me,6,1.00,2,3,3,0,0,3,11,1.83,0%,27%,27%,18%,27%,,,,,,
,65,2020,inne,3,4,65,39,5.48,Lo,15,2.60,6,15,3,0,0,3,27,1.80,0%,11%,56%,22%,11%,,,,,,
,66,2020,inne,3,4,66,9,3.69,Me,6,1.50,3,5,0,0,0,3,11,1.83,,0%,45%,27%,27%,,,,,,
,67,2020,inne,3,4,67,6,3.43,Me,5,1.20,4,2,5,0,0,2,13,2.60,0%,38%,15%,31%,15%,,,,,,
,68,2020,inne,3,4,68,20,4.2,Me,8,2.50,5,6,5,2,6,3,19,2.38,120%,26%,32%,26%,16%,,,,,,
,69,2020,inne,3,4,69,15,3.76,Me,6,2.50,4,4,3,0,0,2,13,2.17,0%,23%,31%,31%,15%,,,,,,
,70,2020,inne,3,3,70,27,5.37,Lo,14,1.93,6,6,12,5,23,3,27,1.93,192%,44%,22%,22%,11%,,,,,,
,71,2020,inne,3,3,71,3,2.33,Sh,4,0.75,1,1,1,0,0,3,6,1.50,0%,17%,17%,17%,50%,,,,,,
,72,2020,inne,3,3,72,11,4.06,Me,6,1.83,4,4,1,1,4,4,13,2.17,400%,8%,31%,31%,31%,,,,,,
,73,2020,inne,3,3,73,34,5.37,Lo,13,2.62,8,10,6,3,7,3,27,2.08,117%,22%,37%,30%,11%,,,,,,
,74,2020,inne,3,3,74,7.5,3.28,Me,5,1.50,8,2,3,0,0,1,14,2.80,0%,21%,14%,57%,7%,,,,,,
,75,2020,inne,3,3,75,33,4.64,Lo,17,1.94,7,8,9,7,14,2,26,1.53,156%,35%,31%,27%,8%,,,,,,
,76,2020,inne,3,3,76,7,2.59,Me,7,1.00,6,2,3,1,1,3,14,2.00,33%,21%,14%,43%,21%,,,,,,
,77,2020,inne,3,3,77,38,6.61,Lo,17,2.24,7,9,9,5,10,4,29,1.71,111%,31%,31%,24%,14%,,,,,,
,78,2020,inne,3,3,78,28,5.01,Lo,13,2.15,7,6,4,0,0,5,22,1.69,0%,18%,27%,32%,23%,,,,,,
,79,2020,inne,3,3,79,4.5,2.73,Sh,4,1.13,3,1,4,2,4,1,9,2.25,100%,44%,11%,33%,11%,,,,,,
,80,2020,inne,3,3,80,25,4.68,Lo,9,2.78,8,6,3,2,4,3,20,2.22,133%,15%,30%,40%,15%,,,,,,
,81,2020,inne,3,3,81,21.8,4.19,Lo,9,2.42,6,4,7,5,12,2,19,2.11,171%,37%,21%,32%,11%,,,,,,
,82,2020,inne,3,3,82,10,2.79,Me,6,1.67,6,1,4,0,0,4,15,2.50,0%,27%,7%,40%,27%,,,,,,
,83,2020,inne,3,3,83,44,6.14,VLo,13,3.38,7,5,10,4,9,0,22,1.69,90%,45%,23%,32%,0%,,,,,,
,84,2020,inne,3,3,84,42,6.61,VLo,16,2.63,6,7,11,5,11,4,28,1.75,100%,39%,25%,21%,14%,,,,,,
,85,2020,inne,3,3,85,18,4.35,Me,8,2.25,6,4,4,2,5,3,17,2.13,125%,24%,24%,35%,18%,,,,,,
,86,2020,inne,3,3,86,32,4.44,Lo,11,2.91,9,6,10,2,6,3,28,2.55,60%,36%,21%,32%,11%,,,,,,
,87,2020,inne,3,3,87,38,6.54,Lo,14,2.71,18,10,6,1,1,3,37,2.64,17%,16%,27%,49%,8%,,,,,,
,88,2020,inne,3,3,88,6,2.82,Me,5,1.20,2,1,3,0,0,3,9,1.80,0%,33%,11%,22%,33%,,,,,,
,89,2020,inne,3,3,89,15,3.62,Me,7,2.14,2,1,7,2,4,2,12,1.71,57%,58%,8%,17%,17%,,,,,,
,90,2020,inne,3,3,90,29,4.31,Lo,10,2.90,10,7,7,1,3,0,24,2.40,43%,29%,29%,42%,0%,,,,,,
,91,2020,inne,3,3,91,46,6.71,VLo,16,2.88,12,12,8,3,7,2,34,2.13,88%,24%,35%,35%,6%,,,,,,
,92,2020,inne,3,3,92,10,3.29,Me,5,2.00,4,2,6,1,1,2,14,2.80,17%,43%,14%,29%,14%,,,,,,
,93,2020,inne,3,3,93,27,5.07,Lo,11,2.45,7,7,5,2,4,1,20,1.82,80%,25%,35%,35%,5%,,,,,,
,94,2020,inne,3,3,94,40,6.75,Lo,15,2.67,4,8,8,5,8,4,24,1.60,100%,33%,33%,17%,17%,,,,,,
,95,2020,inne,3,3,95,16,4.27,Me,8,2.00,7,3,4,0,0,2,16,2.00,0%,25%,19%,44%,13%,,,,,,
,96,2020,inne,3,3,96,9.5,3.83,Me,6,1.58,10,3,4,1,1,1,18,3.00,25%,22%,17%,56%,6%,,,,,,
,97,2020,inne,3,3,97,23.5,4.2,Lo,10,2.35,6,3,5,1,1,4,18,1.80,20%,28%,17%,33%,22%,,,,,,
,98,2020,inne,3,3,98,3,3,Sh,4,0.75,0,3,1,1,1,0,4,1.00,100%,25%,75%,0%,0%,,,,,,
,99,2020,inne,3,3,99,37,6.57,Lo,13,2.85,13,13,8,5,10,0,34,2.62,125%,24%,38%,38%,0%,,,,,,
,100,2020,inne,3,3,100,25,5.33,Lo,11,2.27,2,4,10,3,5,0,16,1.45,50%,63%,25%,13%,0%,,,,,,
,101,2020,inne,3,3,101,31.5,5.32,Lo,13,2.42,4,10,3,2,4,2,19,1.46,133%,16%,53%,21%,11%,,,,,,
,102,2020,inne,3,3,102,42.6,6.11,VLo,15,2.84,4,13,4,1,3,1,22,1.47,75%,18%,59%,18%,5%,,,,,,
,103,2020,inne,3,3,103,40.5,5.68,VLo,13,3.12,6,9,4,2,2,3,22,1.69,50%,18%,41%,27%,14%,,,,,,
,104,2020,inne,3,3,104,38,5.99,Lo,15,2.53,10,9,9,3,6,2,30,2.00,67%,30%,30%,33%,7%,,,,,,
,105,2020,inne,3,3,105,41.5,6.71,VLo,16,2.59,11,6,10,5,13,3,30,1.88,130%,33%,20%,37%,10%,,,,,,
,106,2020,inne,3,3,106,2.6,2.75,Sh,3,0.87,0,3,0,0,0,0,3,1.00,,0%,100%,0%,0%,,,,,,
,107,2020,inne,3,3,107,3,2.65,Sh,3,1.00,2,1,2,0,0,0,5,1.67,0%,40%,20%,40%,0%,,,,,,
,108,2020,inne,3,4,108,36.5,5.96,Lo,14,2.61,11,9,9,6,14,2,31,2.21,156%,29%,29%,35%,6%,,,,,,
,109,2020,inne,3,4,109,30,4.74,Lo,10,3.00,7,6,8,1,4,0,21,2.10,50%,38%,29%,33%,0%,,,,,,
,110,2020,inne,3,4,110,36.5,6.32,Lo,14,2.61,12,10,11,3,5,1,34,2.43,45%,32%,29%,35%,3%,,,,,,
,111,2020,inne,3,4,111,38,6.37,Lo,14,2.71,7,10,6,4,11,1,24,1.71,183%,25%,42%,29%,4%,,,,,,
,112,2020,inne,3,4,112,37,6.13,Lo,15,2.47,19,12,8,1,3,0,39,2.60,38%,21%,31%,49%,0%,,,,,,
,113,2020,inne,3,4,113,31,5.25,Lo,10,3.10,9,10,2,1,4,1,22,2.20,200%,9%,45%,41%,5%,,,,,,
,114,2020,inne,3,5,114,34.2,5.66,Lo,13,2.63,10,12,3,0,0,3,28,2.15,0%,11%,43%,36%,11%,,,,,,
,115,2020,inne,3,5,115,69,9.42,VLo,24,2.88,0,22,4,2,4,2,28,1.17,100%,14%,79%,0%,7%,,,,,,
,116,2020,inne,3,5,116,40.5,4.9,VLo,13,3.12,3,7,10,6,17,1,21,1.62,170%,48%,33%,14%,5%,,,,,,
,117,2020,inne,3,5,117,46,4.96,VLo,17,2.71,13,14,8,0,0,1,36,2.12,0%,22%,39%,36%,3%,,,,,,
,118,2020,inne,3,5,118,3.5,2.54,Sh,4,0.88,2,0,2,0,0,0,4,1.00,0%,50%,0%,50%,0%,,,,,,
,119,2020,inne,3,5,119,62,7.27,VLo,17,3.65,17,18,8,2,6,1,44,2.59,75%,18%,41%,39%,2%,,,,,,
,120,2020,inne,3,5,120,3.5,2.28,Sh,3,1.17,1,1,0,0,0,1,3,1.00,,0%,33%,33%,33%,26%,35%,29%,10%,21.37,1.97
,121,2020,auto,3,8,1,42,6.37,VLo,13,3.23,16,7,11,3,9,1,35,2.69,82%,31%,20%,46%,3%,,,,,,
,122,2020,auto,3,8,2,40,6.22,Lo,14,2.86,14,13,10,6,20,0,37,2.64,200%,27%,35%,38%,0%,,,,,,
,123,2020,auto,3,8,3,9,3.7,Me,6,1.50,0,5,3,2,6,0,8,1.33,200%,38%,63%,0%,0%,,,,,,
,124,2020,auto,3,8,4,48,7.43,VLo,17,2.82,0,17,2,2,10,0,19,1.12,500%,11%,89%,0%,0%,,,,,,
,125,2020,auto,3,8,5,41,7.17,VLo,16,2.56,21,16,12,7,19,0,49,3.06,158%,24%,33%,43%,0%,,,,,,
,126,2020,auto,3,8,6,14,4.34,Me,6,2.33,11,4,4,2,5,1,20,3.33,125%,20%,20%,55%,5%,,,,,,
,127,2020,auto,3,8,7,43,6.41,VLo,14,3.07,21,10,10,2,11,1,42,3.00,110%,24%,24%,50%,2%,,,,,,
,128,2020,auto,3,8,8,3,2.34,Sh,3,1.00,2,4,1,0,0,0,7,2.33,0%,14%,57%,29%,0%,,,,,,
,129,2020,auto,3,8,9,30,5.09,Lo,14,2.14,13,10,8,5,10,0,31,2.21,125%,26%,32%,42%,0%,,,,,,
,130,2020,auto,3,8,10,57,6.8,VLo,14,4.07,0,7,15,8,17,0,22,1.57,113%,68%,32%,0%,0%,,,,,,
,131,2020,auto,3,8,11,2.31,2,Sh,2,1.16,4,3,0,0,0,0,7,3.50,,0%,43%,57%,0%,,,,,,
,132,2020,auto,3,8,12,48,6.76,VLo,15,3.20,12,11,14,10,30,0,37,2.47,214%,38%,30%,32%,0%,,,,,,
,133,2020,auto,3,8,13,37.5,5.88,Lo,15,2.50,4,11,7,4,12,0,22,1.47,171%,32%,50%,18%,0%,,,,,,
,134,2020,auto,3,8,14,45.4,7.68,VLo,17,2.67,4,8,13,9,24,0,25,1.47,185%,52%,32%,16%,0%,,,,,,
,135,2020,auto,3,8,15,44,6.91,VLo,16,2.75,9,11,14,9,27,0,34,2.13,193%,41%,32%,26%,0%,,,,,,
,136,2020,auto,3,8,16,33,6.4,Lo,14,2.36,28,13,7,2,5,2,50,3.57,71%,14%,26%,56%,4%,,,,,,
,137,2020,auto,3,8,17,21,4.23,Lo,8,2.63,3,4,7,4,10,0,14,1.75,143%,50%,29%,21%,0%,,,,,,
,138,2020,auto,3,8,18,8.5,3.69,Me,5,1.70,7,4,5,4,7,0,16,3.20,140%,31%,25%,44%,0%,,,,,,
,139,2020,auto,3,8,19,38,6.22,Lo,15,2.53,11,10,12,9,24,2,35,2.33,200%,34%,29%,31%,6%,,,,,,
,140,2020,auto,3,8,20,38,5.8,Lo,14,2.71,0,4,10,8,18,2,16,1.14,180%,63%,25%,0%,13%,,,,,,
,141,2020,auto,3,8,21,11.8,3.7,Me,6,1.97,7,5,2,2,4,2,16,2.67,200%,13%,31%,44%,13%,,,,,,
,142,2020,auto,3,8,22,2.5,2.1,Sh,3,0.83,2,1,0,0,0,0,3,1.00,,0%,33%,67%,0%,,,,,,
,143,2020,auto,3,8,23,39,5.6,Lo,14,2.79,4,10,9,8,21,0,23,1.64,233%,39%,43%,17%,0%,,,,,,
,144,2020,auto,3,8,24,1.5,2,Sh,3,0.50,0,2,1,1,3,0,3,1.00,300%,33%,67%,0%,0%,,,,,,
,145,2020,auto,3,8,25,41.5,5.46,VLo,14,2.96,3,6,12,6,14,0,21,1.50,117%,57%,29%,14%,0%,,,,,,
,146,2020,auto,3,8,26,4,2.38,Sh,5,0.80,2,4,5,3,7,0,11,2.20,140%,45%,36%,18%,0%,,,,,,
,147,2020,auto,3,8,27,29.8,5.62,Lo,10,2.98,15,7,9,6,10,0,31,3.10,111%,29%,23%,48%,0%,,,,,,
,148,2020,auto,3,8,28,4.2,3.22,Sh,4,1.05,0,3,0,0,0,1,4,1.00,,0%,75%,0%,25%,,,,,,
,149,2020,auto,3,8,29,35,5,Lo,12,2.92,29,13,9,5,11,0,51,4.25,122%,18%,25%,57%,0%,,,,,,
,150,2020,auto,3,8,30,49.6,6.64,VLo,16,3.10,11,9,11,9,23,1,32,2.00,209%,34%,28%,34%,3%,,,,,,
,151,2020,auto,3,8,31,3,2.63,Sh,3,1.00,4,3,0,0,0,1,8,2.67,,0%,38%,50%,13%,,,,,,
,152,2020,auto,3,8,32,15.6,3.28,Me,7,2.23,10,4,6,2,5,0,20,2.86,83%,30%,20%,50%,0%,,,,,,
,153,2020,auto,3,8,33,4,2.84,Sh,3,1.33,0,1,2,1,2,0,3,1.00,100%,67%,33%,0%,0%,,,,,,
,154,2020,auto,3,8,34,12.2,4.1,Me,6,1.74,6,2,10,2,7,0,18,3.00,70%,56%,11%,33%,0%,,,,,,
,155,2020,auto,3,8,35,2,2.42,Sh,2,1.00,0,1,1,1,1,0,2,1.00,100%,50%,50%,0%,0%,,,,,,
,156,2020,auto,3,8,36,27.6,4.84,Lo,9,3.07,6,3,11,9,24,0,20,2.22,218%,55%,15%,30%,0%,,,,,,
,157,2020,auto,3,8,37,18.2,4.12,Me,7,2.60,0,3,5,4,10,0,8,1.14,200%,63%,38%,0%,0%,,,,,,
,158,2020,auto,3,8,38,36.5,5.81,Lo,10,3.65,2,5,11,6,16,0,18,1.80,145%,61%,28%,11%,0%,,,,,,
,159,2020,auto,3,8,39,1,1.54,Sh,1,1.00,0,0,1,0,0,0,1,1.00,0%,100%,0%,0%,0%,,,,,,
,160,2020,auto,3,9,40,18,4.46,Me,9,2.00,5,6,4,2,7,2,17,1.89,175%,24%,35%,29%,12%,,,,,,
,161,2020,auto,3,9,41,5.5,3.9,Me,6,1.38,8,3,4,1,1,0,15,2.50,25%,27%,20%,53%,0%,,,,,,
,162,2020,auto,3,9,42,7,3.3,Me,5,1.40,8,4,7,0,0,1,20,4.00,0%,35%,20%,40%,5%,,,,,,
,163,2020,auto,3,9,43,18.2,4.28,Me,7,2.28,3,1,8,6,13,0,12,1.71,163%,67%,8%,25%,0%,,,,,,
,164,2020,auto,3,9,44,42.6,5.5,VLo,14,3.04,9,8,12,7,16,0,29,2.07,133%,41%,28%,31%,0%,,,,,,
,165,2020,auto,3,9,45,34,5.4,Lo,14,2.43,1,3,11,7,21,0,15,1.07,191%,73%,20%,7%,0%,,,,,,
,166,2020,auto,3,9,46,43,6.2,VLo,18,2.39,17,7,13,0,0,1,38,2.11,0%,34%,18%,45%,3%,,,,,,
,167,2020,auto,3,9,47,52,7.36,VLo,19,2.74,19,12,17,9,28,3,51,2.68,165%,33%,24%,37%,6%,,,,,,
,168,2020,auto,3,9,48,4.5,2.6,Sh,5,0.90,3,1,3,2,5,4,11,2.20,167%,27%,9%,27%,36%,,,,,,
,169,2020,auto,3,9,49,25,4.52,Lo,11,2.27,7,5,6,4,9,3,21,1.91,150%,29%,24%,33%,14%,,,,,,
,170,2020,auto,3,9,50,19,3.8,Me,7,2.71,7,2,4,3,9,3,16,2.29,225%,25%,13%,44%,19%,,,,,,
,171,2020,auto,3,9,51,4.5,2.6,Sh,3,1.50,2,1,0,0,0,2,5,1.67,,0%,20%,40%,40%,,,,,,
,172,2020,auto,3,9,52,2,2.8,Sh,2,1.00,0,1,1,0,0,0,2,1.00,0%,50%,50%,0%,0%,,,,,,
,173,2020,auto,3,9,53,54,5.64,VLo,15,3.60,6,0,11,10,36,4,21,1.40,327%,52%,0%,29%,19%,,,,,,
,174,2020,auto,3,9,54,8.5,3.52,Me,7,1.42,6,4,6,2,6,2,18,2.57,100%,33%,22%,33%,11%,,,,,,
,175,2020,auto,3,9,55,6,2.66,Me,5,1.20,0,3,2,1,3,0,5,1.00,150%,40%,60%,0%,0%,,,,,,
,176,2020,auto,3,9,56,10.2,3.26,Me,8,1.70,6,5,6,2,5,2,19,2.38,83%,32%,26%,32%,11%,,,,,,
,177,2020,auto,3,9,57,12,4.1,Me,6,2.00,4,2,6,2,6,3,15,2.50,100%,40%,13%,27%,20%,,,,,,
,178,2020,auto,3,9,58,2,2.32,Sh,3,0.67,2,1,1,1,1,1,5,1.67,100%,20%,20%,40%,20%,,,,,,
,179,2020,auto,3,9,59,54,5.4,VLo,22,2.45,7,12,11,6,14,5,35,1.59,127%,31%,34%,20%,14%,,,,,,
,180,2020,auto,3,9,60,3,2.64,Sh,3,1.00,4,3,0,0,0,1,8,2.67,,0%,38%,50%,13%,,,,,,
,181,2020,auto,3,9,61,46,7.2,VLo,20,2.30,0,17,8,4,18,0,25,1.25,225%,32%,68%,0%,0%,,,,,,
,182,2020,auto,3,9,62,9,2.66,Me,8,1.13,2,3,4,1,6,2,11,1.38,150%,36%,27%,18%,18%,,,,,,
,183,2020,auto,3,9,63,4.8,2.78,Sh,3,1.60,5,1,3,2,3,0,9,3.00,100%,33%,11%,56%,0%,,,,,,
,184,2020,auto,3,9,64,28,4.44,Lo,16,1.75,14,11,7,3,5,3,35,2.19,71%,20%,31%,40%,9%,,,,,,
,185,2020,auto,3,9,65,10,3.52,Me,6,1.67,8,0,9,0,0,3,20,3.33,0%,45%,0%,40%,15%,,,,,,
,186,2020,auto,3,9,66,58,6.72,VLo,19,3.05,1,6,12,10,41,5,24,1.26,342%,50%,25%,4%,21%,,,,,,
,187,2020,auto,3,9,67,26.5,4.42,Lo,12,2.21,10,7,8,6,19,2,27,2.25,238%,30%,26%,37%,7%,,,,,,
,188,2020,auto,3,9,68,26.5,5.04,Lo,13,2.04,9,6,7,4,13,3,25,1.92,186%,28%,24%,36%,12%,,,,,,
,189,2020,auto,3,9,69,6.5,2.84,Me,4,1.63,3,2,4,1,1,1,10,2.50,25%,40%,20%,30%,10%,,,,,,
,190,2020,auto,3,10,70,42,6.43,VLo,16,2.63,18,15,8,6,19,3,44,2.75,238%,18%,34%,41%,7%,,,,,,
,191,2020,auto,3,10,71,5,3.6,Sh,5,1.00,5,3,5,1,4,0,13,2.60,80%,38%,23%,38%,0%,,,,,,
,192,2020,auto,3,10,72,3,2.3,Sh,3,1.00,4,4,0,0,0,0,8,2.67,,0%,50%,50%,0%,,,,,,
,193,2020,auto,3,10,73,38.5,6.64,Lo,15,2.57,5,8,11,0,0,1,25,1.67,0%,44%,32%,20%,4%,,,,,,
,194,2020,auto,3,10,74,14.5,3.54,Me,7,2.07,8,4,5,0,0,3,20,2.86,0%,25%,20%,40%,15%,,,,,,
,195,2020,auto,3,10,75,35.5,6.7,Lo,16,2.22,10,18,3,0,0,1,32,2.00,0%,9%,56%,31%,3%,,,,,,
,196,2020,auto,3,10,76,13.5,4,Me,8,1.69,11,5,6,1,3,2,24,3.00,50%,25%,21%,46%,8%,,,,,,
,197,2020,auto,3,10,77,28,4.48,Lo,17,1.65,18,10,5,5,14,4,37,2.18,280%,14%,27%,49%,11%,,,,,,
,198,2020,auto,3,10,78,14,3.5,Me,7,2.33,9,1,5,3,6,4,19,2.71,120%,26%,5%,47%,21%,,,,,,
,199,2020,auto,3,10,79,22,4.5,Lo,10,2.20,14,4,9,5,15,3,30,3.00,167%,30%,13%,47%,10%,,,,,,
,200,2020,auto,3,10,80,38,5.52,Lo,12,3.17,15,7,13,5,11,1,36,3.00,85%,36%,19%,42%,3%,,,,,,
,201,2020,auto,3,10,81,6,2.32,Me,4,1.50,3,1,0,0,0,0,4,1.00,,0%,25%,75%,0%,,,,,,
,202,2020,auto,3,10,82,1,1.86,Sh,2,0.50,1,0,1,0,0,0,2,1.00,0%,50%,0%,50%,0%,,,,,,
,203,2020,auto,3,10,83,66.5,8.16,VLo,18,3.69,17,22,10,4,12,0,49,2.72,120%,20%,45%,35%,0%,,,,,,
,204,2020,auto,3,10,84,16,4.34,Me,8,2.00,3,2,3,0,0,4,12,1.50,0%,25%,17%,25%,33%,,,,,,
,205,2020,auto,3,10,85,22.5,4.8,Lo,7,3.21,12,2,4,1,2,4,22,3.14,50%,18%,9%,55%,18%,,,,,,
,206,2020,auto,3,10,86,45,6.74,VLo,14,3.21,10,12,12,1,6,0,34,2.43,50%,35%,35%,29%,0%,,,,,,
,207,2020,auto,3,10,87,25,4.24,Lo,12,2.08,20,8,10,4,7,5,43,3.58,70%,23%,19%,47%,12%,,,,,,
,208,2020,auto,3,10,88,4.5,2.5,Sh,4,1.13,1,3,1,1,2,1,6,1.50,200%,17%,50%,17%,17%,,,,,,
,209,2020,auto,3,10,89,27,5.38,Lo,10,2.70,30,7,9,0,0,3,49,4.90,0%,18%,14%,61%,6%,,,,,,
,210,2020,auto,3,10,90,41,6.74,VLo,19,2.16,28,14,11,4,10,1,54,2.84,91%,20%,26%,52%,2%,,,,,,
,211,2020,auto,3,10,91,2,1.8,Sh,2,1.00,2,4,0,0,0,0,6,3.00,,0%,67%,33%,0%,,,,,,
,212,2020,auto,3,10,92,18,4.06,Me,7,2.57,8,7,5,1,2,2,22,3.14,40%,23%,32%,36%,9%,,,,,,
,213,2020,auto,3,10,93,4,2.12,Sh,5,0.80,2,2,2,0,0,3,9,1.80,0%,22%,22%,22%,33%,,,,,,
,214,2020,auto,3,10,94,3,2.84,Sh,4,0.75,0,3,1,0,0,1,5,1.25,0%,20%,60%,0%,20%,,,,,,
,215,2020,auto,3,10,95,43.5,6.9,VLo,16,2.72,19,10,16,10,26,3,48,3.00,163%,33%,21%,40%,6%,,,,,,
,216,2020,auto,3,10,96,2.5,2.3,Sh,3,0.83,3,0,2,0,0,1,6,2.00,0%,33%,0%,50%,17%,,,,,,
,217,2020,auto,3,10,97,26,4.54,Lo,9,2.89,13,4,6,4,8,3,26,2.89,133%,23%,15%,50%,12%,,,,,,
,218,2020,auto,3,10,98,16,3.3,Me,7,2.29,7,2,7,0,0,3,19,2.71,0%,37%,11%,37%,16%,,,,,,
,219,2020,auto,3,10,99,2.5,1.14,Sh,1,2.50,2,1,0,0,0,0,3,3.00,,0%,33%,67%,0%,,,,,,
,220,2020,auto,3,10,100,72,9.3,VLo,23,3.13,4,23,8,1,1,1,36,1.57,13%,22%,64%,11%,3%,,,,,,
,221,2020,auto,3,10,101,32,5.5,Lo,11,2.91,27,9,7,0,0,1,44,4.00,0%,16%,20%,61%,2%,,,,,,
,222,2020,auto,3,10,102,10,3.86,Me,7,1.43,7,6,2,0,0,1,16,2.29,0%,13%,38%,44%,6%,,,,,,
,223,2020,auto,3,10,103,2.5,3.46,Sh,4,0.63,1,0,4,1,3,2,7,1.75,75%,57%,0%,14%,29%,,,,,,
,224,2020,auto,3,10,104,33,5.1,Lo,12,2.75,0,6,9,6,20,0,15,1.25,222%,60%,40%,0%,0%,,,,,,
,225,2020,auto,3,10,105,2.5,2.94,Sh,3,0.83,3,2,2,0,0,0,7,2.33,0%,29%,29%,43%,0%,,,,,,
,226,2020,auto,3,10,106,3.5,2.8,Sh,4,0.88,4,3,1,0,0,1,9,2.25,0%,11%,33%,44%,11%,,,,,,
,227,2020,auto,3,10,107,30,5.24,Lo,13,2.31,8,8,11,4,14,1,28,2.15,127%,39%,29%,29%,4%,,,,,,
,228,2020,auto,3,10,108,25,4.46,Lo,13,1.92,6,11,8,0,0,0,25,1.92,0%,32%,44%,24%,0%,,,,,,
,229,2020,auto,3,10,109,5.5,3.08,Me,5,1.10,6,6,2,0,0,1,15,3.00,0%,13%,40%,40%,7%,,,,,,
,230,2020,auto,3,9,110,33,4.78,Lo,17,1.94,4,6,11,4,13,3,24,1.41,118%,46%,25%,17%,13%,,,,,,
,231,2020,auto,3,9,111,43,5.38,VLo,20,2.15,10,11,8,5,14,4,33,1.65,175%,24%,33%,30%,12%,,,,,,
,232,2020,auto,3,9,112,10.5,3.2,Me,7,1.50,5,4,4,0,0,4,17,2.43,0%,24%,24%,29%,24%,,,,,,
,233,2020,auto,3,9,113,1.5,1.96,Sh,1,1.50,4,1,0,0,0,0,5,5.00,,0%,20%,80%,0%,,,,,,
,234,2020,auto,3,9,114,2,1.94,Sh,2,1.00,0,1,1,0,0,0,2,1.00,0%,50%,50%,0%,0%,,,,,,
,235,2020,auto,3,9,115,4.8,4.14,Sh,4,1.20,3,3,2,1,2,0,8,2.00,100%,25%,38%,38%,0%,,,,,,
,236,2020,auto,3,9,116,38.5,5.5,Lo,13,2.96,5,4,10,7,23,1,20,1.54,230%,50%,20%,25%,5%,,,,,,
,237,2020,auto,3,9,117,43.5,6.4,VLo,18,2.42,6,13,12,6,17,0,31,1.72,142%,39%,42%,19%,0%,,,,,,
,238,2020,auto,3,9,118,2,2.1,Sh,2,1.00,0,3,2,0,0,0,5,2.50,0%,40%,60%,0%,0%,,,,,,
,239,2020,auto,3,9,119,7,2.38,Me,6,1.17,2,3,2,0,0,0,7,1.17,0%,29%,43%,29%,0%,,,,,,
,240,2020,auto,3,9,120,40.5,6.46,VLo,16,2.53,7,8,15,0,0,0,30,1.88,0%,50%,27%,23%,0%,31%,30%,32%,7%,21,2
,,,,,,,,,,,,,,,,,,,,,,,,,,,,,,
,,,,,,,,,,,,,,,,,,,,,,,,,,,,,,
