bud_id,year,shoot_id,length_cm,cat,nodes,rank,fate,clusters,nuts,new_length_cm,new_cat,new_nodes,simulation_nb
211,2020,14,4.38,Sh,5,1,B,,,,,,42
212,2020,14,4.38,Sh,5,2,V,,,2.12,Sh,2.0,42
213,2020,14,4.38,Sh,5,3,V,,,3.05,Sh,4.0,42
214,2020,14,4.38,Sh,5,4,S,0.0,0.0,,,,42
215,2020,14,4.38,Sh,5,5,B,,,,,,42
216,2020,15,5.27,Me,6,1,S,0.0,0.0,,,,42
217,2020,15,5.27,Me,6,2,V,,,0.86,Sh,2.0,42
218,2020,15,5.27,Me,6,3,M,1.0,1.0,6.45,Me,4.0,42
219,2020,15,5.27,Me,6,3,M,,,,,,42
220,2020,15,5.27,Me,6,3,V,,,0.17,Sh,2.0,42
221,2020,15,5.27,Me,6,4,S,0.0,0.0,,,,42
222,2020,15,5.27,Me,6,5,S,0.0,0.0,,,,42
223,2020,15,5.27,Me,6,6,M,1.0,3.0,1.18,Sh,2.0,42
224,2020,16,0.99,Sh,2,1,S,0.0,0.0,,,,42
225,2020,16,0.99,Sh,2,2,B,,,,,,42
226,2020,17,5.65,Me,2,1,V,,,0.1,Sh,2.0,42
227,2020,17,5.65,Me,2,1,V,,,6.2,Me,4.0,42
228,2020,17,5.65,Me,2,2,V,,,2.64,Sh,5.0,42
229,2020,18,11.75,Me,7,1,M,0.0,0.0,2.97,Sh,5.0,42
230,2020,18,11.75,Me,7,2,B,,,,,,42
231,2020,18,11.75,Me,7,3,B,,,,,,42
232,2020,18,11.75,Me,7,4,V,,,2.72,Sh,5.0,42
233,2020,18,11.75,Me,7,5,V,,,1.72,Sh,4.0,42
234,2020,18,11.75,Me,7,5,M,1.0,3.0,0.93,Sh,4.0,42
235,2020,18,11.75,Me,7,6,M,0.0,0.0,3.0,Sh,2.0,42
236,2020,18,11.75,Me,7,7,M,1.0,7.0,7.31,Me,5.0,42
237,2020,18,11.75,Me,7,7,M,0.0,0.0,2.21,Sh,3.0,42
238,2020,18,11.75,Me,7,7,V,,,,,,42
239,2020,19,12.32,Me,8,1,B,,,,,,42
240,2020,19,12.32,Me,8,2,M,0.0,0.0,1.18,Sh,1.0,42
241,2020,19,12.32,Me,8,2,M,,,,,,42
242,2020,19,12.32,Me,8,3,V,,,,,,42
243,2020,19,12.32,Me,8,4,B,,,,,,42
244,2020,19,12.32,Me,8,5,S,0.0,0.0,,,,42
245,2020,19,12.32,Me,8,6,S,0.0,0.0,,,,42
246,2020,19,12.32,Me,8,7,S,0.0,0.0,,,,42
247,2020,19,12.32,Me,8,8,M,0.0,0.0,6.43,Me,5.0,42
248,2020,20,5.44,Me,5,1,V,,,,,,42
249,2020,20,5.44,Me,5,2,V,,,,,,42
250,2020,20,5.44,Me,5,3,V,,,0.22,Sh,4.0,42
251,2020,20,5.44,Me,5,4,V,,,4.14,Sh,2.0,42
252,2020,20,5.44,Me,5,4,V,,,3.79,Sh,2.0,42
253,2020,20,5.44,Me,5,5,V,,,,,,42
254,2020,21,24.08,Lo,9,1,B,,,,,,42
255,2020,21,24.08,Lo,9,2,V,,,,,,42
256,2020,21,24.08,Lo,9,2,M,0.0,0.0,3.16,Sh,2.0,42
257,2020,21,24.08,Lo,9,2,V,,,,,,42
258,2020,21,24.08,Lo,9,2,V,,,,,,42
259,2020,21,24.08,Lo,9,3,V,,,1.14,Sh,1.0,42
260,2020,21,24.08,Lo,9,3,V,,,5.81,Me,6.0,42
261,2020,21,24.08,Lo,9,3,V,,,1.07,Sh,2.0,42
262,2020,21,24.08,Lo,9,4,V,,,3.53,Sh,5.0,42
263,2020,21,24.08,Lo,9,5,M,0.0,0.0,1.96,Sh,2.0,42
264,2020,21,24.08,Lo,9,6,M,0.0,0.0,6.19,Me,6.0,42
265,2020,21,24.08,Lo,9,7,V,,,5.66,Me,6.0,42
266,2020,21,24.08,Lo,9,8,M,0.0,0.0,6.61,Me,6.0,42
267,2020,21,24.08,Lo,9,8,V,,,5.76,Me,8.0,42
268,2020,21,24.08,Lo,9,8,M,0.0,0.0,4.46,Sh,4.0,42
269,2020,21,24.08,Lo,9,8,V,,,9.05,Me,7.0,42
270,2020,21,24.08,Lo,9,8,M,0.0,0.0,7.41,Me,5.0,42
271,2020,21,24.08,Lo,9,8,M,1.0,2.0,4.75,Sh,2.0,42
272,2020,21,24.08,Lo,9,9,M,0.0,0.0,4.92,Sh,4.0,42
273,2020,21,24.08,Lo,9,9,V,,,3.02,Sh,2.0,42
274,2020,21,24.08,Lo,9,9,V,,,5.95,Me,7.0,42
275,2020,21,24.08,Lo,9,9,M,0.0,0.0,2.83,Sh,4.0,42
276,2020,22,9.38,Me,7,1,V,,,1.57,Sh,1.0,42
277,2020,22,9.38,Me,7,2,B,,,,,,42
278,2020,22,9.38,Me,7,3,S,0.0,0.0,,,,42
279,2020,22,9.38,Me,7,4,V,,,5.03,Me,7.0,42
280,2020,22,9.38,Me,7,5,M,0.0,0.0,6.46,Me,5.0,42
281,2020,22,9.38,Me,7,6,V,,,0.45,Sh,2.0,42
282,2020,22,9.38,Me,7,6,M,0.0,0.0,5.35,Me,4.0,42
283,2020,22,9.38,Me,7,7,M,0.0,0.0,6.27,Me,5.0,42
284,2020,23,15.35,Me,8,1,V,,,,,,42
285,2020,23,15.35,Me,8,2,S,0.0,0.0,,,,42
286,2020,23,15.35,Me,8,3,M,0.0,0.0,3.31,Sh,5.0,42
287,2020,23,15.35,Me,8,4,B,,,,,,42
288,2020,23,15.35,Me,8,5,M,1.0,1.0,2.15,Sh,2.0,42
289,2020,23,15.35,Me,8,6,V,,,0.37,Sh,1.0,42
290,2020,23,15.35,Me,8,7,M,1.0,3.0,6.12,Me,2.0,42
291,2020,23,15.35,Me,8,7,M,0.0,0.0,2.62,Sh,4.0,42
292,2020,23,15.35,Me,8,8,B,,,,,,42
293,2020,24,12.11,Me,11,1,V,,,,,,42
294,2020,24,12.11,Me,11,2,B,,,,,,42
295,2020,24,12.11,Me,11,3,B,,,,,,42
296,2020,24,12.11,Me,11,4,M,0.0,0.0,0.14,Sh,1.0,42
297,2020,24,12.11,Me,11,5,B,,,,,,42
298,2020,24,12.11,Me,11,6,M,,,,,,42
299,2020,24,12.11,Me,11,7,M,1.0,1.0,6.84,Me,5.0,42
300,2020,24,12.11,Me,11,8,V,,,0.43,Sh,1.0,42
301,2020,24,12.11,Me,11,9,M,1.0,3.0,5.17,Me,5.0,42
302,2020,24,12.11,Me,11,10,M,0.0,0.0,1.95,Sh,3.0,42
303,2020,24,12.11,Me,11,10,V,,,3.87,Sh,5.0,42
304,2020,24,12.11,Me,11,11,M,0.0,0.0,5.78,Me,5.0,42
305,2020,25,27.6,Lo,15,1,V,,,,,,42
306,2020,25,27.6,Lo,15,2,M,,,,,,42
307,2020,25,27.6,Lo,15,2,M,1.0,3.0,6.06,Me,7.0,42
308,2020,25,27.6,Lo,15,3,B,,,,,,42
309,2020,25,27.6,Lo,15,4,M,0.0,0.0,5.23,Me,5.0,42
310,2020,25,27.6,Lo,15,5,B,,,,,,42
311,2020,25,27.6,Lo,15,6,V,,,2.74,Sh,4.0,42
312,2020,25,27.6,Lo,15,7,V,,,0.77,Sh,1.0,42
313,2020,25,27.6,Lo,15,8,S,0.0,0.0,,,,42
314,2020,25,27.6,Lo,15,9,B,,,,,,42
315,2020,25,27.6,Lo,15,10,M,,,,,,42
316,2020,25,27.6,Lo,15,11,V,,,6.29,Me,5.0,42
317,2020,25,27.6,Lo,15,12,S,0.0,0.0,,,,42
318,2020,25,27.6,Lo,15,13,V,,,4.74,Sh,4.0,42
319,2020,25,27.6,Lo,15,14,M,0.0,0.0,8.16,Me,11.0,42
320,2020,25,27.6,Lo,15,14,M,0.0,0.0,6.68,Me,4.0,42
321,2020,25,27.6,Lo,15,15,V,,,4.31,Sh,2.0,42
322,2020,25,27.6,Lo,15,15,V,,,8.79,Me,6.0,42
323,2020,26,28.22,Lo,11,1,V,,,1.72,Sh,1.0,42
324,2020,26,28.22,Lo,11,1,M,,,,,,42
325,2020,26,28.22,Lo,11,2,V,,,,,,42
326,2020,26,28.22,Lo,11,3,M,0.0,0.0,3.41,Sh,4.0,42
327,2020,26,28.22,Lo,11,3,V,,,5.45,Me,4.0,42
328,2020,26,28.22,Lo,11,4,M,,,,,,42
329,2020,26,28.22,Lo,11,4,V,,,3.77,Sh,1.0,42
330,2020,26,28.22,Lo,11,4,M,0.0,0.0,0.3,Sh,1.0,42
331,2020,26,28.22,Lo,11,5,S,0.0,0.0,,,,42
332,2020,26,28.22,Lo,11,6,V,,,,,,42
333,2020,26,28.22,Lo,11,6,V,,,0.11,Sh,2.0,42
334,2020,26,28.22,Lo,11,7,S,0.0,0.0,,,,42
335,2020,26,28.22,Lo,11,8,M,0.0,0.0,4.66,Sh,3.0,42
336,2020,26,28.22,Lo,11,9,V,,,6.97,Me,5.0,42
337,2020,26,28.22,Lo,11,10,V,,,8.98,Me,5.0,42
338,2020,26,28.22,Lo,11,11,M,0.0,0.0,9.39,Me,3.0,42
339,2020,27,48.28,VLo,12,1,B,,,,,,42
340,2020,27,48.28,VLo,12,2,V,,,1.7,Sh,3.0,42
341,2020,27,48.28,VLo,12,2,M,1.0,1.0,6.53,Me,5.0,42
342,2020,27,48.28,VLo,12,3,V,,,1.63,Sh,1.0,42
343,2020,27,48.28,VLo,12,4,V,,,3.57,Sh,4.0,42
344,2020,27,48.28,VLo,12,5,M,,,,,,42
345,2020,27,48.28,VLo,12,5,V,,,,,,42
346,2020,27,48.28,VLo,12,5,M,,,,,,42
347,2020,27,48.28,VLo,12,6,V,,,4.05,Sh,2.0,42
348,2020,27,48.28,VLo,12,7,V,,,,,,42
349,2020,27,48.28,VLo,12,8,M,1.0,3.0,5.56,Me,3.0,42
350,2020,27,48.28,VLo,12,9,M,,,,,,42
351,2020,27,48.28,VLo,12,9,V,,,7.29,Me,2.0,42
352,2020,27,48.28,VLo,12,10,M,0.0,0.0,8.01,Me,4.0,42
353,2020,27,48.28,VLo,12,10,M,1.0,2.0,11.55,Me,6.0,42
354,2020,27,48.28,VLo,12,11,M,1.0,3.0,10.62,Me,10.0,42
355,2020,27,48.28,VLo,12,12,M,1.0,6.0,6.72,Me,1.0,42
356,2020,28,24.6,Lo,10,1,V,,,2.65,Sh,5.0,42
357,2020,28,24.6,Lo,10,1,M,,,,,,42
358,2020,28,24.6,Lo,10,2,M,1.0,5.0,1.03,Sh,4.0,42
359,2020,28,24.6,Lo,10,3,M,0.0,0.0,0.14,Sh,2.0,42
360,2020,28,24.6,Lo,10,4,S,0.0,0.0,,,,42
361,2020,28,24.6,Lo,10,5,S,0.0,0.0,,,,42
362,2020,28,24.6,Lo,10,6,S,0.0,0.0,,,,42
363,2020,28,24.6,Lo,10,7,M,0.0,0.0,4.95,Sh,1.0,42
364,2020,28,24.6,Lo,10,7,M,1.0,2.0,8.2,Me,3.0,42
365,2020,28,24.6,Lo,10,8,V,,,4.58,Sh,2.0,42
366,2020,28,24.6,Lo,10,8,M,0.0,0.0,1.96,Sh,3.0,42
367,2020,28,24.6,Lo,10,8,M,1.0,2.0,5.0,Sh,4.0,42
368,2020,28,24.6,Lo,10,9,S,0.0,0.0,,,,42
369,2020,28,24.6,Lo,10,10,M,0.0,0.0,5.68,Me,5.0,42
370,2020,29,48.3,VLo,13,1,V,,,2.49,Sh,3.0,42
371,2020,29,48.3,VLo,13,1,V,,,0.92,Sh,2.0,42
372,2020,29,48.3,VLo,13,1,V,,,5.82,Me,8.0,42
373,2020,29,48.3,VLo,13,2,B,,,,,,42
374,2020,29,48.3,VLo,13,3,M,1.0,1.0,0.25,Sh,1.0,42
375,2020,29,48.3,VLo,13,3,M,,,,,,42
376,2020,29,48.3,VLo,13,4,S,0.0,0.0,,,,42
377,2020,29,48.3,VLo,13,5,S,0.0,0.0,,,,42
378,2020,29,48.3,VLo,13,6,M,0.0,0.0,8.99,Me,7.0,42
379,2020,29,48.3,VLo,13,6,V,,,,,,42
380,2020,29,48.3,VLo,13,7,M,0.0,0.0,7.41,Me,7.0,42
381,2020,29,48.3,VLo,13,8,S,0.0,0.0,,,,42
382,2020,29,48.3,VLo,13,9,V,,,8.44,Me,5.0,42
383,2020,29,48.3,VLo,13,10,M,1.0,2.0,11.59,Me,8.0,42
384,2020,29,48.3,VLo,13,11,M,1.0,6.0,8.34,Me,7.0,42
385,2020,29,48.3,VLo,13,12,V,,,6.29,Me,4.0,42
386,2020,29,48.3,VLo,13,13,M,0.0,0.0,7.91,Me,7.0,42
387,2020,29,48.3,VLo,13,13,M,1.0,5.0,11.15,Me,7.0,42
388,2020,29,48.3,VLo,13,13,M,1.0,3.0,6.54,Me,3.0,42
389,2020,30,67.08,VLo,18,1,M,1.0,1.0,1.12,Sh,1.0,42
390,2020,30,67.08,VLo,18,1,V,,,5.86,Me,5.0,42
391,2020,30,67.08,VLo,18,2,V,,,2.64,Sh,1.0,42
392,2020,30,67.08,VLo,18,3,B,,,,,,42
393,2020,30,67.08,VLo,18,4,B,,,,,,42
394,2020,30,67.08,VLo,18,5,S,0.0,0.0,,,,42
395,2020,30,67.08,VLo,18,6,V,,,2.96,Sh,6.0,42
396,2020,30,67.08,VLo,18,7,V,,,,,,42
397,2020,30,67.08,VLo,18,7,M,0.0,0.0,3.93,Sh,4.0,42
398,2020,30,67.08,VLo,18,8,S,0.0,0.0,,,,42
399,2020,30,67.08,VLo,18,9,S,0.0,0.0,,,,42
400,2020,30,67.08,VLo,18,10,S,0.0,0.0,,,,42
401,2020,30,67.08,VLo,18,11,S,0.0,0.0,,,,42
402,2020,30,67.08,VLo,18,12,M,1.0,4.0,5.0,Sh,5.0,42
403,2020,30,67.08,VLo,18,13,S,0.0,0.0,,,,42
404,2020,30,67.08,VLo,18,14,M,1.0,1.0,7.62,Me,3.0,42
405,2020,30,67.08,VLo,18,15,M,1.0,2.0,1.6,Sh,2.0,42
406,2020,30,67.08,VLo,18,16,V,,,8.77,Me,7.0,42
407,2020,30,67.08,VLo,18,16,V,,,6.22,Me,5.0,42
408,2020,30,67.08,VLo,18,17,S,0.0,0.0,,,,42
409,2020,30,67.08,VLo,18,18,V,,,6.25,Me,6.0,42
410,2020,34,4.93,Sh,4,1,M,,,,,,42
411,2020,34,4.93,Sh,4,2,B,,,,,,42
412,2020,34,4.93,Sh,4,3,B,,,,,,42
413,2020,34,4.93,Sh,4,4,S,0.0,0.0,,,,42
414,2020,35,4.64,Sh,3,1,M,1.0,2.0,0.2,Sh,2.0,42
415,2020,35,4.64,Sh,3,2,S,0.0,0.0,,,,42
416,2020,35,4.64,Sh,3,3,V,,,2.85,Sh,5.0,42
417,2020,36,4.08,Sh,3,1,V,,,,,,42
418,2020,36,4.08,Sh,3,2,V,,,1.54,Sh,2.0,42
419,2020,36,4.08,Sh,3,2,M,0.0,0.0,0.63,Sh,2.0,42
420,2020,36,4.08,Sh,3,2,V,,,,,,42
421,2020,36,4.08,Sh,3,2,V,,,,,,42
422,2020,36,4.08,Sh,3,2,V,,,0.95,Sh,3.0,42
423,2020,36,4.08,Sh,3,2,V,,,0.93,Sh,1.0,42
424,2020,36,4.08,Sh,3,3,B,,,,,,42
425,2020,37,2.53,Sh,4,1,S,0.0,0.0,,,,42
426,2020,37,2.53,Sh,4,2,V,,,1.13,Sh,4.0,42
427,2020,37,2.53,Sh,4,3,M,0.0,0.0,4.24,Sh,5.0,42
428,2020,37,2.53,Sh,4,4,V,,,1.73,Sh,2.0,42
429,2020,38,8.69,Me,5,1,M,0.0,0.0,0.99,Sh,3.0,42
430,2020,38,8.69,Me,5,2,B,,,,,,42
431,2020,38,8.69,Me,5,3,S,0.0,0.0,,,,42
432,2020,38,8.69,Me,5,4,S,0.0,0.0,,,,42
433,2020,38,8.69,Me,5,5,S,0.0,0.0,,,,42
434,2020,39,13.86,Me,7,1,V,,,0.91,Sh,2.0,42
435,2020,39,13.86,Me,7,2,B,,,,,,42
436,2020,39,13.86,Me,7,3,V,,,0.72,Sh,2.0,42
437,2020,39,13.86,Me,7,4,S,0.0,0.0,,,,42
438,2020,39,13.86,Me,7,5,S,0.0,0.0,,,,42
439,2020,39,13.86,Me,7,6,M,0.0,0.0,2.87,Sh,1.0,42
440,2020,39,13.86,Me,7,6,M,0.0,0.0,1.14,Sh,5.0,42
441,2020,39,13.86,Me,7,7,V,,,9.94,Me,4.0,42
442,2020,40,2.19,Sh,4,1,V,,,0.77,Sh,3.0,42
443,2020,40,2.19,Sh,4,2,S,0.0,0.0,,,,42
444,2020,40,2.19,Sh,4,3,V,,,3.39,Sh,5.0,42
445,2020,40,2.19,Sh,4,3,M,0.0,0.0,1.23,Sh,2.0,42
446,2020,40,2.19,Sh,4,3,V,,,,,,42
447,2020,40,2.19,Sh,4,3,V,,,1.94,Sh,5.0,42
448,2020,40,2.19,Sh,4,4,M,1.0,3.0,8.5,Me,7.0,42
449,2020,41,15.24,Me,8,1,V,,,,,,42
450,2020,41,15.24,Me,8,2,V,,,,,,42
451,2020,41,15.24,Me,8,3,S,0.0,0.0,,,,42
452,2020,41,15.24,Me,8,4,M,1.0,1.0,4.85,Sh,4.0,42
453,2020,41,15.24,Me,8,5,V,,,1.99,Sh,2.0,42
454,2020,41,15.24,Me,8,6,M,,,,,,42
455,2020,41,15.24,Me,8,6,V,,,13.73,Me,7.0,42
456,2020,41,15.24,Me,8,7,S,0.0,0.0,,,,42
457,2020,41,15.24,Me,8,8,S,0.0,0.0,,,,42
458,2020,42,13.38,Me,12,1,M,0.0,0.0,1.39,Sh,2.0,42
459,2020,42,13.38,Me,12,1,V,,,4.56,Sh,3.0,42
460,2020,42,13.38,Me,12,2,B,,,,,,42
461,2020,42,13.38,Me,12,3,B,,,,,,42
462,2020,42,13.38,Me,12,4,S,0.0,0.0,,,,42
463,2020,42,13.38,Me,12,5,S,0.0,0.0,,,,42
464,2020,42,13.38,Me,12,6,V,,,3.13,Sh,5.0,42
465,2020,42,13.38,Me,12,7,S,0.0,0.0,,,,42
466,2020,42,13.38,Me,12,8,S,0.0,0.0,,,,42
467,2020,42,13.38,Me,12,9,S,0.0,0.0,,,,42
468,2020,42,13.38,Me,12,10,V,,,7.79,Me,5.0,42
469,2020,42,13.38,Me,12,11,M,1.0,1.0,1.76,Sh,4.0,42
470,2020,42,13.38,Me,12,12,V,,,0.77,Sh,1.0,42
471,2020,43,15.54,Me,10,1,V,,,4.63,Sh,3.0,42
472,2020,43,15.54,Me,10,2,M,0.0,0.0,2.4,Sh,2.0,42
473,2020,43,15.54,Me,10,2,V,,,,,,42
474,2020,43,15.54,Me,10,2,M,,,,,,42
475,2020,43,15.54,Me,10,2,M,1.0,1.0,1.75,Sh,3.0,42
476,2020,43,15.54,Me,10,3,M,1.0,6.0,1.09,Sh,5.0,42
477,2020,43,15.54,Me,10,4,M,0.0,0.0,1.05,Sh,2.0,42
478,2020,43,15.54,Me,10,4,V,,,1.94,Sh,4.0,42
479,2020,43,15.54,Me,10,5,S,0.0,0.0,,,,42
480,2020,43,15.54,Me,10,6,S,0.0,0.0,,,,42
481,2020,43,15.54,Me,10,7,V,,,7.24,Me,5.0,42
482,2020,43,15.54,Me,10,7,V,,,5.41,Me,8.0,42
483,2020,43,15.54,Me,10,7,M,0.0,0.0,7.74,Me,8.0,42
484,2020,43,15.54,Me,10,8,V,,,4.02,Sh,4.0,42
485,2020,43,15.54,Me,10,9,S,0.0,0.0,,,,42
486,2020,43,15.54,Me,10,10,M,0.0,0.0,8.53,Me,5.0,42
487,2020,44,22.59,Lo,8,1,B,,,,,,42
488,2020,44,22.59,Lo,8,2,S,0.0,0.0,,,,42
489,2020,44,22.59,Lo,8,3,S,0.0,0.0,,,,42
490,2020,44,22.59,Lo,8,4,S,0.0,0.0,,,,42
491,2020,44,22.59,Lo,8,5,M,1.0,2.0,4.48,Sh,5.0,42
492,2020,44,22.59,Lo,8,6,M,1.0,3.0,3.84,Sh,4.0,42
493,2020,44,22.59,Lo,8,7,M,1.0,2.0,4.53,Sh,4.0,42
494,2020,44,22.59,Lo,8,8,S,0.0,0.0,,,,42
495,2020,45,36.13,Lo,12,1,B,,,,,,42
496,2020,45,36.13,Lo,12,2,V,,,4.19,Sh,5.0,42
497,2020,45,36.13,Lo,12,3,M,0.0,0.0,1.25,Sh,5.0,42
498,2020,45,36.13,Lo,12,3,M,1.0,2.0,0.51,Sh,2.0,42
499,2020,45,36.13,Lo,12,4,S,0.0,0.0,,,,42
500,2020,45,36.13,Lo,12,5,V,,,6.43,Me,4.0,42
501,2020,45,36.13,Lo,12,6,M,,,,,,42
502,2020,45,36.13,Lo,12,7,M,1.0,3.0,5.52,Me,4.0,42
503,2020,45,36.13,Lo,12,7,V,,,8.08,Me,7.0,42
504,2020,45,36.13,Lo,12,8,S,0.0,0.0,,,,42
505,2020,45,36.13,Lo,12,9,S,0.0,0.0,,,,42
506,2020,45,36.13,Lo,12,10,M,0.0,0.0,4.71,Sh,3.0,42
507,2020,45,36.13,Lo,12,11,M,,,,,,42
508,2020,45,36.13,Lo,12,12,V,,,15.19,Me,9.0,42
509,2020,46,29.21,Lo,10,1,B,,,,,,42
510,2020,46,29.21,Lo,10,2,S,0.0,0.0,,,,42
511,2020,46,29.21,Lo,10,3,B,,,,,,42
512,2020,46,29.21,Lo,10,4,B,,,,,,42
513,2020,46,29.21,Lo,10,5,S,0.0,0.0,,,,42
514,2020,46,29.21,Lo,10,6,B,,,,,,42
515,2020,46,29.21,Lo,10,7,V,,,0.52,Sh,1.0,42
516,2020,46,29.21,Lo,10,8,M,0.0,0.0,6.21,Me,4.0,42
517,2020,46,29.21,Lo,10,8,M,0.0,0.0,4.57,Sh,4.0,42
518,2020,46,29.21,Lo,10,8,M,1.0,2.0,7.43,Me,4.0,42
519,2020,46,29.21,Lo,10,9,S,0.0,0.0,,,,42
520,2020,46,29.21,Lo,10,10,V,,,4.2,Sh,1.0,42
521,2020,47,31.63,Lo,14,1,S,0.0,0.0,,,,42
522,2020,47,31.63,Lo,14,2,V,,,,,,42
523,2020,47,31.63,Lo,14,2,V,,,4.74,Sh,7.0,42
524,2020,47,31.63,Lo,14,3,S,0.0,0.0,,,,42
525,2020,47,31.63,Lo,14,4,S,0.0,0.0,,,,42
526,2020,47,31.63,Lo,14,5,M,1.0,2.0,0.65,Sh,1.0,42
527,2020,47,31.63,Lo,14,5,M,1.0,2.0,11.07,Me,4.0,42
528,2020,47,31.63,Lo,14,6,S,0.0,0.0,,,,42
529,2020,47,31.63,Lo,14,7,M,0.0,0.0,1.31,Sh,1.0,42
530,2020,47,31.63,Lo,14,8,S,0.0,0.0,,,,42
531,2020,47,31.63,Lo,14,9,V,,,3.65,Sh,1.0,42
532,2020,47,31.63,Lo,14,10,S,0.0,0.0,,,,42
533,2020,47,31.63,Lo,14,11,M,0.0,0.0,1.74,Sh,2.0,42
534,2020,47,31.63,Lo,14,12,V,,,,,,42
535,2020,47,31.63,Lo,14,13,M,0.0,0.0,0.36,Sh,4.0,42
536,2020,47,31.63,Lo,14,13,V,,,5.98,Me,4.0,42
537,2020,47,31.63,Lo,14,14,V,,,9.84,Me,7.0,42
538,2020,48,38.29,Lo,15,1,B,,,,,,42
539,2020,48,38.29,Lo,15,2,V,,,1.44,Sh,3.0,42
540,2020,48,38.29,Lo,15,3,V,,,3.06,Sh,5.0,42
541,2020,48,38.29,Lo,15,4,V,,,,,,42
542,2020,48,38.29,Lo,15,5,B,,,,,,42
543,2020,48,38.29,Lo,15,6,S,0.0,0.0,,,,42
544,2020,48,38.29,Lo,15,7,M,1.0,2.0,1.62,Sh,5.0,42
545,2020,48,38.29,Lo,15,8,S,0.0,0.0,,,,42
546,2020,48,38.29,Lo,15,9,S,0.0,0.0,,,,42
547,2020,48,38.29,Lo,15,10,S,0.0,0.0,,,,42
548,2020,48,38.29,Lo,15,11,M,0.0,0.0,7.23,Me,5.0,42
549,2020,48,38.29,Lo,15,12,M,0.0,0.0,3.22,Sh,5.0,42
550,2020,48,38.29,Lo,15,13,M,,,,,,42
551,2020,48,38.29,Lo,15,14,M,0.0,0.0,8.7,Me,6.0,42
552,2020,48,38.29,Lo,15,15,V,,,7.93,Me,10.0,42
553,2020,49,22.37,Lo,8,1,V,,,,,,42
554,2020,49,22.37,Lo,8,1,V,,,4.97,Sh,5.0,42
555,2020,49,22.37,Lo,8,2,B,,,,,,42
556,2020,49,22.37,Lo,8,3,V,,,3.0,Sh,5.0,42
557,2020,49,22.37,Lo,8,4,M,1.0,6.0,4.45,Sh,5.0,42
558,2020,49,22.37,Lo,8,5,S,0.0,0.0,,,,42
559,2020,49,22.37,Lo,8,6,V,,,4.24,Sh,4.0,42
560,2020,49,22.37,Lo,8,7,M,1.0,2.0,8.6,Me,6.0,42
561,2020,49,22.37,Lo,8,8,S,0.0,0.0,,,,42
562,2020,50,45.45,VLo,15,1,M,1.0,5.0,1.99,Sh,2.0,42
563,2020,50,45.45,VLo,15,2,V,,,2.18,Sh,9.0,42
564,2020,50,45.45,VLo,15,3,B,,,,,,42
565,2020,50,45.45,VLo,15,4,M,,,,,,42
566,2020,50,45.45,VLo,15,5,S,0.0,0.0,,,,42
567,2020,50,45.45,VLo,15,6,S,0.0,0.0,,,,42
568,2020,50,45.45,VLo,15,7,V,,,2.91,Sh,2.0,42
569,2020,50,45.45,VLo,15,7,M,0.0,0.0,0.36,Sh,1.0,42
570,2020,50,45.45,VLo,15,7,V,,,3.85,Sh,4.0,42
571,2020,50,45.45,VLo,15,7,M,,,,,,42
572,2020,50,45.45,VLo,15,8,S,0.0,0.0,,,,42
573,2020,50,45.45,VLo,15,9,S,0.0,0.0,,,,42
574,2020,50,45.45,VLo,15,10,M,1.0,4.0,4.75,Sh,6.0,42
575,2020,50,45.45,VLo,15,11,V,,,,,,42
576,2020,50,45.45,VLo,15,12,M,1.0,5.0,3.68,Sh,3.0,42
577,2020,50,45.45,VLo,15,13,V,,,11.69,Me,9.0,42
578,2020,50,45.45,VLo,15,14,V,,,3.77,Sh,6.0,42
579,2020,50,45.45,VLo,15,14,M,,,,,,42
580,2020,50,45.45,VLo,15,15,V,,,4.1,Sh,5.0,42
581,2020,54,0.89,Sh,1,1,V,,,0.42,Sh,1.0,42
582,2020,55,1.74,Sh,2,1,S,0.0,0.0,,,,42
583,2020,55,1.74,Sh,2,2,V,,,4.71,Sh,4.0,42
584,2020,55,1.74,Sh,2,2,V,,,7.32,Me,5.0,42
585,2020,55,1.74,Sh,2,2,V,,,4.5,Sh,5.0,42
586,2020,56,2.34,Sh,1,1,S,0.0,0.0,,,,42
587,2020,57,0.25,Sh,1,1,V,,,1.26,Sh,2.0,42
588,2020,58,7.78,Me,7,1,V,,,,,,42
589,2020,58,7.78,Me,7,1,V,,,,,,42
590,2020,58,7.78,Me,7,2,S,0.0,0.0,,,,42
591,2020,58,7.78,Me,7,3,V,,,1.93,Sh,1.0,42
592,2020,58,7.78,Me,7,4,S,0.0,0.0,,,,42
593,2020,58,7.78,Me,7,5,V,,,2.05,Sh,3.0,42
594,2020,58,7.78,Me,7,5,M,0.0,0.0,5.75,Me,4.0,42
595,2020,58,7.78,Me,7,6,M,0.0,0.0,3.77,Sh,7.0,42
596,2020,58,7.78,Me,7,6,V,,,5.17,Me,6.0,42
597,2020,58,7.78,Me,7,6,M,0.0,0.0,0.36,Sh,1.0,42
598,2020,58,7.78,Me,7,7,V,,,1.62,Sh,1.0,42
599,2020,59,10.63,Me,5,1,S,0.0,0.0,,,,42
600,2020,59,10.63,Me,5,2,M,1.0,5.0,2.65,Sh,3.0,42
601,2020,59,10.63,Me,5,2,V,,,1.42,Sh,3.0,42
602,2020,59,10.63,Me,5,2,M,1.0,1.0,0.34,Sh,2.0,42
603,2020,59,10.63,Me,5,3,B,,,,,,42
604,2020,59,10.63,Me,5,4,M,1.0,3.0,2.93,Sh,2.0,42
605,2020,59,10.63,Me,5,5,M,0.0,0.0,8.65,Me,4.0,42
606,2020,59,10.63,Me,5,5,V,,,11.97,Me,10.0,42
607,2020,60,6.94,Me,5,1,V,,,,,,42
608,2020,60,6.94,Me,5,2,V,,,,,,42
609,2020,60,6.94,Me,5,2,M,1.0,1.0,2.31,Sh,3.0,42
610,2020,60,6.94,Me,5,2,V,,,,,,42
611,2020,60,6.94,Me,5,3,B,,,,,,42
612,2020,60,6.94,Me,5,4,V,,,5.62,Me,5.0,42
613,2020,60,6.94,Me,5,5,V,,,6.69,Me,8.0,42
614,2020,60,6.94,Me,5,5,V,,,3.97,Sh,6.0,42
615,2020,61,16.43,Me,9,1,V,,,,,,42
616,2020,61,16.43,Me,9,2,V,,,1.68,Sh,2.0,42
617,2020,61,16.43,Me,9,3,S,0.0,0.0,,,,42
618,2020,61,16.43,Me,9,4,V,,,,,,42
619,2020,61,16.43,Me,9,4,M,1.0,3.0,3.18,Sh,5.0,42
620,2020,61,16.43,Me,9,5,M,1.0,3.0,5.88,Me,5.0,42
621,2020,61,16.43,Me,9,6,M,1.0,3.0,7.14,Me,4.0,42
622,2020,61,16.43,Me,9,6,M,0.0,0.0,3.19,Sh,5.0,42
623,2020,61,16.43,Me,9,7,V,,,4.72,Sh,6.0,42
624,2020,61,16.43,Me,9,8,M,0.0,0.0,8.45,Me,7.0,42
625,2020,61,16.43,Me,9,8,M,,,,,,42
626,2020,61,16.43,Me,9,9,V,,,2.36,Sh,3.0,42
627,2020,62,7.35,Me,4,1,B,,,,,,42
628,2020,62,7.35,Me,4,2,S,0.0,0.0,,,,42
629,2020,62,7.35,Me,4,3,B,,,,,,42
630,2020,62,7.35,Me,4,4,S,0.0,0.0,,,,42
631,2020,63,24.68,Lo,10,1,V,,,2.28,Sh,3.0,42
632,2020,63,24.68,Lo,10,2,S,0.0,0.0,,,,42
633,2020,63,24.68,Lo,10,3,M,1.0,2.0,5.0,Sh,4.0,42
634,2020,63,24.68,Lo,10,4,V,,,1.38,Sh,1.0,42
635,2020,63,24.68,Lo,10,5,S,0.0,0.0,,,,42
636,2020,63,24.68,Lo,10,6,S,0.0,0.0,,,,42
637,2020,63,24.68,Lo,10,7,M,0.0,0.0,5.1,Me,4.0,42
638,2020,63,24.68,Lo,10,7,M,0.0,0.0,5.39,Me,7.0,42
639,2020,63,24.68,Lo,10,8,M,1.0,3.0,7.6,Me,7.0,42
640,2020,63,24.68,Lo,10,8,M,0.0,0.0,8.1,Me,4.0,42
641,2020,63,24.68,Lo,10,8,M,0.0,0.0,4.81,Sh,4.0,42
642,2020,63,24.68,Lo,10,9,S,0.0,0.0,,,,42
643,2020,63,24.68,Lo,10,10,M,0.0,0.0,7.92,Me,7.0,42
644,2020,64,10.4,Me,6,1,V,,,1.79,Sh,4.0,42
645,2020,64,10.4,Me,6,2,B,,,,,,42
646,2020,64,10.4,Me,6,3,B,,,,,,42
647,2020,64,10.4,Me,6,4,S,0.0,0.0,,,,42
648,2020,64,10.4,Me,6,5,V,,,2.96,Sh,3.0,42
649,2020,64,10.4,Me,6,6,M,1.0,3.0,8.18,Me,5.0,42
650,2020,65,38.05,Lo,14,1,V,,,0.51,Sh,1.0,42
651,2020,65,38.05,Lo,14,2,B,,,,,,42
652,2020,65,38.05,Lo,14,3,S,0.0,0.0,,,,42
653,2020,65,38.05,Lo,14,4,V,,,0.8,Sh,1.0,42
654,2020,65,38.05,Lo,14,4,M,0.0,0.0,1.06,Sh,1.0,42
655,2020,65,38.05,Lo,14,5,V,,,2.57,Sh,2.0,42
656,2020,65,38.05,Lo,14,6,V,,,2.99,Sh,5.0,42
657,2020,65,38.05,Lo,14,7,S,0.0,0.0,,,,42
658,2020,65,38.05,Lo,14,8,S,0.0,0.0,,,,42
659,2020,65,38.05,Lo,14,9,V,,,9.32,Me,8.0,42
660,2020,65,38.05,Lo,14,10,M,,,,,,42
661,2020,65,38.05,Lo,14,11,V,,,6.9,Me,8.0,42
662,2020,65,38.05,Lo,14,12,M,0.0,0.0,4.69,Sh,4.0,42
663,2020,65,38.05,Lo,14,13,M,0.0,0.0,11.65,Me,8.0,42
664,2020,65,38.05,Lo,14,13,V,,,8.51,Me,5.0,42
665,2020,65,38.05,Lo,14,14,S,0.0,0.0,,,,42
666,2020,66,16.61,Me,9,1,B,,,,,,42
667,2020,66,16.61,Me,9,2,V,,,5.18,Me,5.0,42
668,2020,66,16.61,Me,9,3,B,,,,,,42
669,2020,66,16.61,Me,9,4,M,0.0,0.0,4.57,Sh,7.0,42
670,2020,66,16.61,Me,9,5,S,0.0,0.0,,,,42
671,2020,66,16.61,Me,9,6,S,0.0,0.0,,,,42
672,2020,66,16.61,Me,9,7,M,1.0,5.0,4.25,Sh,2.0,42
673,2020,66,16.61,Me,9,8,M,0.0,0.0,2.69,Sh,1.0,42
674,2020,66,16.61,Me,9,9,M,0.0,0.0,1.24,Sh,2.0,42
675,2020,67,40.73,VLo,13,1,M,0.0,0.0,1.23,Sh,4.0,42
676,2020,67,40.73,VLo,13,2,M,,,,,,42
677,2020,67,40.73,VLo,13,3,V,,,0.57,Sh,1.0,42
678,2020,67,40.73,VLo,13,4,V,,,1.63,Sh,3.0,42
679,2020,67,40.73,VLo,13,5,S,0.0,0.0,,,,42
680,2020,67,40.73,VLo,13,6,M,,,,,,42
681,2020,67,40.73,VLo,13,7,S,0.0,0.0,,,,42
682,2020,67,40.73,VLo,13,8,S,0.0,0.0,,,,42
683,2020,67,40.73,VLo,13,9,M,1.0,3.0,3.35,Sh,7.0,42
684,2020,67,40.73,VLo,13,10,M,0.0,0.0,2.25,Sh,4.0,42
685,2020,67,40.73,VLo,13,11,S,0.0,0.0,,,,42
686,2020,67,40.73,VLo,13,12,S,0.0,0.0,,,,42
687,2020,67,40.73,VLo,13,13,M,1.0,3.0,5.16,Me,6.0,42
688,2020,67,40.73,VLo,13,13,M,0.0,0.0,4.02,Sh,2.0,42
689,2020,67,40.73,VLo,13,13,V,,,3.93,Sh,3.0,42
690,2020,68,39.02,Lo,12,1,B,,,,,,42
691,2020,68,39.02,Lo,12,2,B,,,,,,42
692,2020,68,39.02,Lo,12,3,S,0.0,0.0,,,,42
693,2020,68,39.02,Lo,12,4,S,0.0,0.0,,,,42
694,2020,68,39.02,Lo,12,5,M,1.0,1.0,2.43,Sh,4.0,42
695,2020,68,39.02,Lo,12,6,S,0.0,0.0,,,,42
696,2020,68,39.02,Lo,12,7,M,1.0,3.0,9.87,Me,6.0,42
697,2020,68,39.02,Lo,12,7,V,,,0.65,Sh,2.0,42
698,2020,68,39.02,Lo,12,8,S,0.0,0.0,,,,42
699,2020,68,39.02,Lo,12,9,V,,,5.84,Me,7.0,42
700,2020,68,39.02,Lo,12,9,M,0.0,0.0,4.6,Sh,6.0,42
701,2020,68,39.02,Lo,12,9,M,0.0,0.0,3.72,Sh,6.0,42
702,2020,68,39.02,Lo,12,10,M,1.0,4.0,7.07,Me,3.0,42
703,2020,68,39.02,Lo,12,11,M,0.0,0.0,5.86,Me,6.0,42
704,2020,68,39.02,Lo,12,11,M,,,,,,42
705,2020,68,39.02,Lo,12,11,M,0.0,0.0,9.34,Me,6.0,42
706,2020,68,39.02,Lo,12,12,V,,,4.27,Sh,1.0,42
707,2020,68,39.02,Lo,12,12,M,0.0,0.0,11.46,Me,8.0,42
708,2020,69,39.25,Lo,19,1,V,,,3.62,Sh,4.0,42
709,2020,69,39.25,Lo,19,1,M,0.0,0.0,1.05,Sh,1.0,42
710,2020,69,39.25,Lo,19,2,B,,,,,,42
711,2020,69,39.25,Lo,19,3,V,,,,,,42
712,2020,69,39.25,Lo,19,3,V,,,,,,42
713,2020,69,39.25,Lo,19,4,M,0.0,0.0,5.22,Me,2.0,42
714,2020,69,39.25,Lo,19,5,B,,,,,,42
715,2020,69,39.25,Lo,19,6,V,,,8.04,Me,6.0,42
716,2020,69,39.25,Lo,19,6,V,,,,,,42
717,2020,69,39.25,Lo,19,7,V,,,4.51,Sh,6.0,42
718,2020,69,39.25,Lo,19,8,V,,,4.1,Sh,5.0,42
719,2020,69,39.25,Lo,19,9,M,0.0,0.0,6.64,Me,6.0,42
720,2020,69,39.25,Lo,19,9,M,1.0,2.0,5.75,Me,4.0,42
721,2020,69,39.25,Lo,19,10,S,0.0,0.0,,,,42
722,2020,69,39.25,Lo,19,11,S,0.0,0.0,,,,42
723,2020,69,39.25,Lo,19,12,S,0.0,0.0,,,,42
724,2020,69,39.25,Lo,19,13,V,,,4.09,Sh,4.0,42
725,2020,69,39.25,Lo,19,14,V,,,1.28,Sh,4.0,42
726,2020,69,39.25,Lo,19,15,M,1.0,1.0,3.33,Sh,3.0,42
727,2020,69,39.25,Lo,19,16,V,,,7.06,Me,5.0,42
728,2020,69,39.25,Lo,19,17,M,1.0,3.0,6.94,Me,5.0,42
729,2020,69,39.25,Lo,19,18,V,,,5.47,Me,4.0,42
730,2020,69,39.25,Lo,19,19,V,,,13.05,Me,7.0,42
731,2020,70,47.27,VLo,16,1,B,,,,,,42
732,2020,70,47.27,VLo,16,2,V,,,0.71,Sh,6.0,42
733,2020,70,47.27,VLo,16,3,V,,,2.02,Sh,7.0,42
734,2020,70,47.27,VLo,16,4,V,,,,,,42
735,2020,70,47.27,VLo,16,5,S,0.0,0.0,,,,42
736,2020,70,47.27,VLo,16,6,S,0.0,0.0,,,,42
737,2020,70,47.27,VLo,16,7,M,1.0,4.0,7.71,Me,6.0,42
738,2020,70,47.27,VLo,16,8,S,0.0,0.0,,,,42
739,2020,70,47.27,VLo,16,9,M,1.0,2.0,3.39,Sh,5.0,42
740,2020,70,47.27,VLo,16,10,S,0.0,0.0,,,,42
741,2020,70,47.27,VLo,16,11,V,,,6.79,Me,6.0,42
742,2020,70,47.27,VLo,16,12,S,0.0,0.0,,,,42
743,2020,70,47.27,VLo,16,13,M,0.0,0.0,6.44,Me,5.0,42
744,2020,70,47.27,VLo,16,14,V,,,,,,42
745,2020,70,47.27,VLo,16,15,V,,,11.53,Me,8.0,42
746,2020,70,47.27,VLo,16,16,S,0.0,0.0,,,,42
747,2020,74,0.22,Sh,1,1,B,,,,,,42
748,2020,75,5.67,Me,4,1,M,0.0,0.0,3.61,Sh,5.0,42
749,2020,75,5.67,Me,4,2,S,0.0,0.0,,,,42
750,2020,75,5.67,Me,4,3,B,,,,,,42
751,2020,75,5.67,Me,4,4,B,,,,,,42
752,2020,76,12.97,Me,7,1,B,,,,,,42
753,2020,76,12.97,Me,7,2,B,,,,,,42
754,2020,76,12.97,Me,7,3,S,0.0,0.0,,,,42
755,2020,76,12.97,Me,7,4,S,0.0,0.0,,,,42
756,2020,76,12.97,Me,7,5,V,,,7.62,Me,9.0,42
757,2020,76,12.97,Me,7,6,M,1.0,3.0,2.72,Sh,4.0,42
758,2020,76,12.97,Me,7,6,V,,,4.23,Sh,3.0,42
759,2020,76,12.97,Me,7,7,M,0.0,0.0,3.96,Sh,5.0,42
760,2020,76,12.97,Me,7,7,M,0.0,0.0,5.9,Me,6.0,42
761,2020,77,4.8,Sh,6,1,B,,,,,,42
762,2020,77,4.8,Sh,6,2,M,0.0,0.0,3.55,Sh,3.0,42
763,2020,77,4.8,Sh,6,3,B,,,,,,42
764,2020,77,4.8,Sh,6,4,S,0.0,0.0,,,,42
765,2020,77,4.8,Sh,6,5,B,,,,,,42
766,2020,77,4.8,Sh,6,6,M,1.0,2.0,5.29,Me,4.0,42
767,2020,78,15.05,Me,7,1,B,,,,,,42
768,2020,78,15.05,Me,7,2,B,,,,,,42
769,2020,78,15.05,Me,7,3,M,,,,,,42
770,2020,78,15.05,Me,7,4,V,,,3.7,Sh,6.0,42
771,2020,78,15.05,Me,7,5,B,,,,,,42
772,2020,78,15.05,Me,7,6,V,,,4.81,Sh,5.0,42
773,2020,78,15.05,Me,7,7,M,1.0,5.0,6.68,Me,7.0,42
774,2020,79,0.46,Sh,1,1,B,,,,,,42
775,2020,80,16.96,Me,10,1,B,,,,,,42
776,2020,80,16.96,Me,10,2,V,,,2.5,Sh,4.0,42
777,2020,80,16.96,Me,10,2,M,,,,,,42
778,2020,80,16.96,Me,10,3,B,,,,,,42
779,2020,80,16.96,Me,10,4,S,0.0,0.0,,,,42
780,2020,80,16.96,Me,10,5,B,,,,,,42
781,2020,80,16.96,Me,10,6,B,,,,,,42
782,2020,80,16.96,Me,10,7,M,0.0,0.0,6.16,Me,4.0,42
783,2020,80,16.96,Me,10,8,M,0.0,0.0,7.19,Me,3.0,42
784,2020,80,16.96,Me,10,8,M,0.0,0.0,2.21,Sh,6.0,42
785,2020,80,16.96,Me,10,8,M,0.0,0.0,2.21,Sh,1.0,42
786,2020,80,16.96,Me,10,9,V,,,5.7,Me,4.0,42
787,2020,80,16.96,Me,10,10,M,1.0,2.0,6.05,Me,4.0,42
788,2020,81,4.22,Sh,6,1,B,,,,,,42
789,2020,81,4.22,Sh,6,2,S,0.0,0.0,,,,42
790,2020,81,4.22,Sh,6,3,M,0.0,0.0,0.41,Sh,3.0,42
791,2020,81,4.22,Sh,6,3,M,,,,,,42
792,2020,81,4.22,Sh,6,4,B,,,,,,42
793,2020,81,4.22,Sh,6,5,V,,,6.84,Me,5.0,42
794,2020,81,4.22,Sh,6,6,M,1.0,3.0,7.94,Me,10.0,42
795,2020,81,4.22,Sh,6,6,M,0.0,0.0,3.75,Sh,2.0,42
796,2020,82,27.49,Lo,12,1,B,,,,,,42
797,2020,82,27.49,Lo,12,2,V,,,,,,42
798,2020,82,27.49,Lo,12,3,B,,,,,,42
799,2020,82,27.49,Lo,12,4,V,,,7.63,Me,5.0,42
800,2020,82,27.49,Lo,12,5,B,,,,,,42
801,2020,82,27.49,Lo,12,6,S,0.0,0.0,,,,42
802,2020,82,27.49,Lo,12,7,M,0.0,0.0,3.02,Sh,6.0,42
803,2020,82,27.49,Lo,12,7,V,,,7.54,Me,6.0,42
804,2020,82,27.49,Lo,12,8,S,0.0,0.0,,,,42
805,2020,82,27.49,Lo,12,9,V,,,8.52,Me,4.0,42
806,2020,82,27.49,Lo,12,10,M,1.0,5.0,6.58,Me,7.0,42
807,2020,82,27.49,Lo,12,11,M,0.0,0.0,5.87,Me,6.0,42
808,2020,82,27.49,Lo,12,12,M,1.0,2.0,9.76,Me,5.0,42
809,2020,83,14.97,Me,8,1,M,,,,,,42
810,2020,83,14.97,Me,8,1,M,0.0,0.0,2.8,Sh,6.0,42
811,2020,83,14.97,Me,8,1,V,,,0.96,Sh,3.0,42
812,2020,83,14.97,Me,8,2,V,,,2.26,Sh,1.0,42
813,2020,83,14.97,Me,8,2,V,,,2.46,Sh,2.0,42
814,2020,83,14.97,Me,8,3,V,,,5.0,Sh,5.0,42
815,2020,83,14.97,Me,8,4,V,,,3.65,Sh,4.0,42
816,2020,83,14.97,Me,8,5,M,1.0,4.0,3.82,Sh,4.0,42
817,2020,83,14.97,Me,8,6,V,,,3.46,Sh,2.0,42
818,2020,83,14.97,Me,8,7,M,0.0,0.0,3.11,Sh,5.0,42
819,2020,83,14.97,Me,8,8,M,0.0,0.0,3.41,Sh,4.0,42
820,2020,83,14.97,Me,8,8,V,,,4.73,Sh,4.0,42
821,2020,84,42.5,VLo,18,1,V,,,,,,42
822,2020,84,42.5,VLo,18,1,M,,,,,,42
823,2020,84,42.5,VLo,18,2,V,,,2.09,Sh,2.0,42
824,2020,84,42.5,VLo,18,3,S,0.0,0.0,,,,42
825,2020,84,42.5,VLo,18,4,V,,,2.84,Sh,3.0,42
826,2020,84,42.5,VLo,18,4,M,,,,,,42
827,2020,84,42.5,VLo,18,5,V,,,1.78,Sh,1.0,42
828,2020,84,42.5,VLo,18,6,B,,,,,,42
829,2020,84,42.5,VLo,18,7,S,0.0,0.0,,,,42
830,2020,84,42.5,VLo,18,8,S,0.0,0.0,,,,42
831,2020,84,42.5,VLo,18,9,S,0.0,0.0,,,,42
832,2020,84,42.5,VLo,18,10,M,1.0,3.0,0.29,Sh,2.0,42
833,2020,84,42.5,VLo,18,10,M,0.0,0.0,2.87,Sh,1.0,42
834,2020,84,42.5,VLo,18,11,S,0.0,0.0,,,,42
835,2020,84,42.5,VLo,18,12,M,1.0,4.0,1.9,Sh,1.0,42
836,2020,84,42.5,VLo,18,13,V,,,3.97,Sh,3.0,42
837,2020,84,42.5,VLo,18,14,M,0.0,0.0,7.05,Me,3.0,42
838,2020,84,42.5,VLo,18,15,M,1.0,7.0,3.73,Sh,5.0,42
839,2020,84,42.5,VLo,18,16,V,,,5.12,Me,6.0,42
840,2020,84,42.5,VLo,18,17,V,,,7.21,Me,6.0,42
841,2020,84,42.5,VLo,18,17,V,,,6.37,Me,2.0,42
842,2020,84,42.5,VLo,18,17,V,,,,,,42
843,2020,84,42.5,VLo,18,17,V,,,7.3,Me,5.0,42
844,2020,84,42.5,VLo,18,17,V,,,8.08,Me,7.0,42
845,2020,84,42.5,VLo,18,18,M,0.0,0.0,7.93,Me,8.0,42
846,2020,84,42.5,VLo,18,18,M,0.0,0.0,6.07,Me,6.0,42
847,2020,85,31.66,Lo,12,1,B,,,,,,42
848,2020,85,31.66,Lo,12,2,B,,,,,,42
849,2020,85,31.66,Lo,12,3,V,,,3.08,Sh,5.0,42
850,2020,85,31.66,Lo,12,3,M,0.0,0.0,2.88,Sh,3.0,42
851,2020,85,31.66,Lo,12,4,V,,,6.0,Me,9.0,42
852,2020,85,31.66,Lo,12,4,V,,,3.24,Sh,3.0,42
853,2020,85,31.66,Lo,12,4,M,0.0,0.0,2.03,Sh,1.0,42
854,2020,85,31.66,Lo,12,4,V,,,3.15,Sh,4.0,42
855,2020,85,31.66,Lo,12,5,S,0.0,0.0,,,,42
856,2020,85,31.66,Lo,12,6,M,1.0,3.0,0.82,Sh,2.0,42
857,2020,85,31.66,Lo,12,7,M,,,,,,42
858,2020,85,31.66,Lo,12,8,M,1.0,3.0,7.19,Me,4.0,42
859,2020,85,31.66,Lo,12,9,M,0.0,0.0,4.35,Sh,4.0,42
860,2020,85,31.66,Lo,12,10,V,,,5.87,Me,5.0,42
861,2020,85,31.66,Lo,12,11,S,0.0,0.0,,,,42
862,2020,85,31.66,Lo,12,12,M,0.0,0.0,3.38,Sh,1.0,42
863,2020,86,20.97,Lo,10,1,M,,,,,,42
864,2020,86,20.97,Lo,10,1,M,1.0,3.0,0.33,Sh,3.0,42
865,2020,86,20.97,Lo,10,2,V,,,1.02,Sh,1.0,42
866,2020,86,20.97,Lo,10,3,M,1.0,1.0,3.6,Sh,4.0,42
867,2020,86,20.97,Lo,10,3,M,0.0,0.0,3.19,Sh,3.0,42
868,2020,86,20.97,Lo,10,4,M,0.0,0.0,2.75,Sh,1.0,42
869,2020,86,20.97,Lo,10,5,M,0.0,0.0,2.03,Sh,2.0,42
870,2020,86,20.97,Lo,10,6,B,,,,,,42
871,2020,86,20.97,Lo,10,7,M,0.0,0.0,8.52,Me,4.0,42
872,2020,86,20.97,Lo,10,7,M,0.0,0.0,0.98,Sh,1.0,42
873,2020,86,20.97,Lo,10,7,M,0.0,0.0,4.36,Sh,6.0,42
874,2020,86,20.97,Lo,10,8,V,,,3.09,Sh,4.0,42
875,2020,86,20.97,Lo,10,9,M,1.0,1.0,5.18,Me,6.0,42
876,2020,86,20.97,Lo,10,9,M,1.0,7.0,4.13,Sh,7.0,42
877,2020,86,20.97,Lo,10,10,M,0.0,0.0,1.74,Sh,2.0,42
878,2020,87,14.84,Me,8,1,M,,,,,,42
879,2020,87,14.84,Me,8,1,V,,,,,,42
880,2020,87,14.84,Me,8,2,V,,,2.59,Sh,4.0,42
881,2020,87,14.84,Me,8,3,S,0.0,0.0,,,,42
882,2020,87,14.84,Me,8,4,B,,,,,,42
883,2020,87,14.84,Me,8,5,S,0.0,0.0,,,,42
884,2020,87,14.84,Me,8,6,M,1.0,6.0,5.46,Me,3.0,42
885,2020,87,14.84,Me,8,7,M,1.0,7.0,8.88,Me,4.0,42
886,2020,87,14.84,Me,8,7,V,,,0.4,Sh,2.0,42
887,2020,87,14.84,Me,8,8,M,,,,,,42
888,2020,88,38.05,Lo,15,1,V,,,,,,42
889,2020,88,38.05,Lo,15,1,V,,,3.68,Sh,7.0,42
890,2020,88,38.05,Lo,15,1,V,,,5.21,Me,4.0,42
891,2020,88,38.05,Lo,15,2,V,,,4.82,Sh,7.0,42
892,2020,88,38.05,Lo,15,3,B,,,,,,42
893,2020,88,38.05,Lo,15,4,M,1.0,2.0,3.63,Sh,4.0,42
894,2020,88,38.05,Lo,15,5,V,,,2.73,Sh,2.0,42
895,2020,88,38.05,Lo,15,6,M,,,,,,42
896,2020,88,38.05,Lo,15,7,S,0.0,0.0,,,,42
897,2020,88,38.05,Lo,15,8,M,0.0,0.0,9.61,Me,8.0,42
898,2020,88,38.05,Lo,15,9,V,,,2.68,Sh,4.0,42
899,2020,88,38.05,Lo,15,10,S,0.0,0.0,,,,42
900,2020,88,38.05,Lo,15,11,M,1.0,1.0,2.59,Sh,7.0,42
901,2020,88,38.05,Lo,15,12,M,0.0,0.0,4.84,Sh,7.0,42
902,2020,88,38.05,Lo,15,12,M,0.0,0.0,3.06,Sh,2.0,42
903,2020,88,38.05,Lo,15,12,M,0.0,0.0,0.2,Sh,1.0,42
904,2020,88,38.05,Lo,15,13,M,1.0,2.0,9.9,Me,7.0,42
905,2020,88,38.05,Lo,15,13,M,0.0,0.0,6.96,Me,7.0,42
906,2020,88,38.05,Lo,15,13,V,,,8.71,Me,6.0,42
907,2020,88,38.05,Lo,15,14,M,,,,,,42
908,2020,88,38.05,Lo,15,15,M,0.0,0.0,9.61,Me,6.0,42
909,2020,89,34.61,Lo,15,1,B,,,,,,42
910,2020,89,34.61,Lo,15,2,M,1.0,2.0,4.8,Sh,5.0,42
911,2020,89,34.61,Lo,15,3,M,0.0,0.0,6.42,Me,7.0,42
912,2020,89,34.61,Lo,15,4,B,,,,,,42
913,2020,89,34.61,Lo,15,5,B,,,,,,42
914,2020,89,34.61,Lo,15,6,M,,,,,,42
915,2020,89,34.61,Lo,15,6,V,,,0.26,Sh,3.0,42
916,2020,89,34.61,Lo,15,6,V,,,7.65,Me,6.0,42
917,2020,89,34.61,Lo,15,7,M,1.0,2.0,4.86,Sh,6.0,42
918,2020,89,34.61,Lo,15,8,S,0.0,0.0,,,,42
919,2020,89,34.61,Lo,15,9,S,0.0,0.0,,,,42
920,2020,89,34.61,Lo,15,10,M,0.0,0.0,1.34,Sh,1.0,42
921,2020,89,34.61,Lo,15,11,S,0.0,0.0,,,,42
922,2020,89,34.61,Lo,15,12,S,0.0,0.0,,,,42
923,2020,89,34.61,Lo,15,13,V,,,6.69,Me,6.0,42
924,2020,89,34.61,Lo,15,14,S,0.0,0.0,,,,42
925,2020,89,34.61,Lo,15,15,M,1.0,8.0,4.44,Sh,4.0,42
926,2020,90,50.18,VLo,16,1,M,1.0,1.0,0.57,Sh,1.0,42
927,2020,90,50.18,VLo,16,2,V,,,4.44,Sh,3.0,42
928,2020,90,50.18,VLo,16,3,V,,,0.88,Sh,1.0,42
929,2020,90,50.18,VLo,16,4,M,,,,,,42
930,2020,90,50.18,VLo,16,4,V,,,4.73,Sh,1.0,42
931,2020,90,50.18,VLo,16,4,V,,,2.65,Sh,3.0,42
932,2020,90,50.18,VLo,16,4,V,,,5.08,Me,4.0,42
933,2020,90,50.18,VLo,16,5,S,0.0,0.0,,,,42
934,2020,90,50.18,VLo,16,6,V,,,,,,42
935,2020,90,50.18,VLo,16,6,M,,,,,,42
936,2020,90,50.18,VLo,16,7,S,0.0,0.0,,,,42
937,2020,90,50.18,VLo,16,8,M,1.0,2.0,6.27,Me,5.0,42
938,2020,90,50.18,VLo,16,8,M,,,,,,42
939,2020,90,50.18,VLo,16,9,M,,,,,,42
940,2020,90,50.18,VLo,16,10,S,0.0,0.0,,,,42
941,2020,90,50.18,VLo,16,11,M,,,,,,42
942,2020,90,50.18,VLo,16,12,S,0.0,0.0,,,,42
943,2020,90,50.18,VLo,16,13,V,,,7.08,Me,4.0,42
944,2020,90,50.18,VLo,16,14,V,,,7.26,Me,5.0,42
945,2020,90,50.18,VLo,16,15,M,1.0,6.0,6.94,Me,4.0,42
946,2020,90,50.18,VLo,16,16,V,,,10.41,Me,7.0,42
947,2020,94,1.03,Sh,4,1,V,,,2.5,Sh,3.0,42
948,2020,94,1.03,Sh,4,1,V,,,2.34,Sh,1.0,42
949,2020,94,1.03,Sh,4,2,S,0.0,0.0,,,,42
950,2020,94,1.03,Sh,4,3,S,0.0,0.0,,,,42
951,2020,94,1.03,Sh,4,4,M,1.0,3.0,1.8,Sh,3.0,42
952,2020,95,2.28,Sh,2,1,M,1.0,2.0,0.62,Sh,4.0,42
953,2020,95,2.28,Sh,2,2,B,,,,,,42
954,2020,96,2.85,Sh,3,1,S,0.0,0.0,,,,42
955,2020,96,2.85,Sh,3,2,S,0.0,0.0,,,,42
956,2020,96,2.85,Sh,3,3,S,0.0,0.0,,,,42
957,2020,97,1.74,Sh,3,1,V,,,1.93,Sh,4.0,42
958,2020,97,1.74,Sh,3,1,V,,,1.66,Sh,1.0,42
959,2020,97,1.74,Sh,3,1,V,,,4.8,Sh,4.0,42
960,2020,97,1.74,Sh,3,2,B,,,,,,42
961,2020,97,1.74,Sh,3,3,M,0.0,0.0,8.49,Me,8.0,42
962,2020,98,7.47,Me,5,1,B,,,,,,42
963,2020,98,7.47,Me,5,2,V,,,0.08,Sh,2.0,42
964,2020,98,7.47,Me,5,3,S,0.0,0.0,,,,42
965,2020,98,7.47,Me,5,4,M,1.0,2.0,3.17,Sh,1.0,42
966,2020,98,7.47,Me,5,5,M,0.0,0.0,4.07,Sh,5.0,42
967,2020,98,7.47,Me,5,5,M,0.0,0.0,2.62,Sh,6.0,42
968,2020,98,7.47,Me,5,5,V,,,1.64,Sh,2.0,42
969,2020,98,7.47,Me,5,5,V,,,0.33,Sh,5.0,42
970,2020,99,2.81,Sh,3,1,V,,,1.81,Sh,2.0,42
971,2020,99,2.81,Sh,3,2,B,,,,,,42
972,2020,99,2.81,Sh,3,3,M,1.0,1.0,3.57,Sh,3.0,42
973,2020,99,2.81,Sh,3,3,V,,,5.83,Me,5.0,42
974,2020,100,21.13,Lo,12,1,B,,,,,,42
975,2020,100,21.13,Lo,12,2,S,0.0,0.0,,,,42
976,2020,100,21.13,Lo,12,3,S,0.0,0.0,,,,42
977,2020,100,21.13,Lo,12,4,M,0.0,0.0,3.5,Sh,6.0,42
978,2020,100,21.13,Lo,12,4,V,,,2.47,Sh,1.0,42
979,2020,100,21.13,Lo,12,4,M,0.0,0.0,5.29,Me,2.0,42
980,2020,100,21.13,Lo,12,4,V,,,4.61,Sh,2.0,42
981,2020,100,21.13,Lo,12,5,S,0.0,0.0,,,,42
982,2020,100,21.13,Lo,12,6,S,0.0,0.0,,,,42
983,2020,100,21.13,Lo,12,7,M,1.0,3.0,4.29,Sh,3.0,42
984,2020,100,21.13,Lo,12,8,S,0.0,0.0,,,,42
985,2020,100,21.13,Lo,12,9,M,,,,,,42
986,2020,100,21.13,Lo,12,9,M,0.0,0.0,4.7,Sh,5.0,42
987,2020,100,21.13,Lo,12,9,M,0.0,0.0,4.24,Sh,4.0,42
988,2020,100,21.13,Lo,12,10,M,0.0,0.0,10.77,Me,6.0,42
989,2020,100,21.13,Lo,12,11,V,,,3.52,Sh,2.0,42
990,2020,100,21.13,Lo,12,11,M,0.0,0.0,5.32,Me,4.0,42
991,2020,100,21.13,Lo,12,11,M,0.0,0.0,6.22,Me,9.0,42
992,2020,100,21.13,Lo,12,12,V,,,8.14,Me,7.0,42
993,2020,101,9.51,Me,6,1,S,0.0,0.0,,,,42
994,2020,101,9.51,Me,6,2,M,,,,,,42
995,2020,101,9.51,Me,6,3,M,1.0,1.0,1.45,Sh,5.0,42
996,2020,101,9.51,Me,6,3,V,,,8.79,Me,6.0,42
997,2020,101,9.51,Me,6,4,B,,,,,,42
998,2020,101,9.51,Me,6,5,M,0.0,0.0,2.85,Sh,5.0,42
999,2020,101,9.51,Me,6,5,M,0.0,0.0,1.88,Sh,2.0,42
1000,2020,101,9.51,Me,6,6,M,1.0,4.0,4.41,Sh,4.0,42
1001,2020,102,19.17,Me,10,1,V,,,1.26,Sh,2.0,42
1002,2020,102,19.17,Me,10,2,S,0.0,0.0,,,,42
1003,2020,102,19.17,Me,10,3,V,,,0.42,Sh,2.0,42
1004,2020,102,19.17,Me,10,4,S,0.0,0.0,,,,42
1005,2020,102,19.17,Me,10,5,S,0.0,0.0,,,,42
1006,2020,102,19.17,Me,10,6,S,0.0,0.0,,,,42
1007,2020,102,19.17,Me,10,7,S,0.0,0.0,,,,42
1008,2020,102,19.17,Me,10,8,V,,,7.57,Me,7.0,42
1009,2020,102,19.17,Me,10,9,M,0.0,0.0,14.42,Me,6.0,42
1010,2020,102,19.17,Me,10,9,V,,,1.97,Sh,1.0,42
1011,2020,102,19.17,Me,10,10,M,1.0,1.0,6.96,Me,8.0,42
1012,2020,103,19.06,Me,11,1,V,,,2.79,Sh,4.0,42
1013,2020,103,19.06,Me,11,2,V,,,4.51,Sh,3.0,42
1014,2020,103,19.06,Me,11,3,M,0.0,0.0,2.86,Sh,2.0,42
1015,2020,103,19.06,Me,11,3,M,,,,,,42
1016,2020,103,19.06,Me,11,4,S,0.0,0.0,,,,42
1017,2020,103,19.06,Me,11,5,M,0.0,0.0,1.26,Sh,1.0,42
1018,2020,103,19.06,Me,11,6,M,1.0,1.0,2.56,Sh,2.0,42
1019,2020,103,19.06,Me,11,7,S,0.0,0.0,,,,42
1020,2020,103,19.06,Me,11,8,M,,,,,,42
1021,2020,103,19.06,Me,11,9,M,0.0,0.0,7.62,Me,5.0,42
1022,2020,103,19.06,Me,11,10,M,1.0,5.0,5.84,Me,7.0,42
1023,2020,103,19.06,Me,11,11,M,0.0,0.0,6.55,Me,7.0,42
1024,2020,104,23.5,Lo,9,1,V,,,1.28,Sh,3.0,42
1025,2020,104,23.5,Lo,9,1,M,,,,,,42
1026,2020,104,23.5,Lo,9,1,V,,,0.37,Sh,1.0,42
1027,2020,104,23.5,Lo,9,1,M,0.0,0.0,2.77,Sh,1.0,42
1028,2020,104,23.5,Lo,9,1,M,,,,,,42
1029,2020,104,23.5,Lo,9,2,B,,,,,,42
1030,2020,104,23.5,Lo,9,3,M,0.0,0.0,1.77,Sh,1.0,42
1031,2020,104,23.5,Lo,9,4,S,0.0,0.0,,,,42
1032,2020,104,23.5,Lo,9,5,S,0.0,0.0,,,,42
1033,2020,104,23.5,Lo,9,6,M,1.0,4.0,8.85,Me,7.0,42
1034,2020,104,23.5,Lo,9,7,M,0.0,0.0,4.15,Sh,4.0,42
1035,2020,104,23.5,Lo,9,8,M,,,,,,42
1036,2020,104,23.5,Lo,9,8,M,0.0,0.0,2.93,Sh,3.0,42
1037,2020,104,23.5,Lo,9,9,M,0.0,0.0,3.64,Sh,4.0,42
1038,2020,104,23.5,Lo,9,9,V,,,3.97,Sh,3.0,42
1039,2020,104,23.5,Lo,9,9,M,1.0,2.0,7.8,Me,7.0,42
1040,2020,104,23.5,Lo,9,9,V,,,7.0,Me,5.0,42
1041,2020,105,12.44,Me,9,1,B,,,,,,42
1042,2020,105,12.44,Me,9,2,B,,,,,,42
1043,2020,105,12.44,Me,9,3,V,,,1.86,Sh,3.0,42
1044,2020,105,12.44,Me,9,3,M,0.0,0.0,0.61,Sh,3.0,42
1045,2020,105,12.44,Me,9,4,S,0.0,0.0,,,,42
1046,2020,105,12.44,Me,9,5,V,,,6.81,Me,8.0,42
1047,2020,105,12.44,Me,9,6,S,0.0,0.0,,,,42
1048,2020,105,12.44,Me,9,7,M,1.0,3.0,2.09,Sh,2.0,42
1049,2020,105,12.44,Me,9,8,B,,,,,,42
1050,2020,105,12.44,Me,9,9,M,,,,,,42
1051,2020,106,48.11,VLo,14,1,B,,,,,,42
1052,2020,106,48.11,VLo,14,2,B,,,,,,42
1053,2020,106,48.11,VLo,14,3,S,0.0,0.0,,,,42
1054,2020,106,48.11,VLo,14,4,S,0.0,0.0,,,,42
1055,2020,106,48.11,VLo,14,5,V,,,,,,42
1056,2020,106,48.11,VLo,14,6,M,0.0,0.0,11.12,Me,7.0,42
1057,2020,106,48.11,VLo,14,7,S,0.0,0.0,,,,42
1058,2020,106,48.11,VLo,14,8,S,0.0,0.0,,,,42
1059,2020,106,48.11,VLo,14,9,S,0.0,0.0,,,,42
1060,2020,106,48.11,VLo,14,10,M,1.0,1.0,3.35,Sh,4.0,42
1061,2020,106,48.11,VLo,14,11,M,0.0,0.0,6.56,Me,3.0,42
1062,2020,106,48.11,VLo,14,12,M,0.0,0.0,5.71,Me,3.0,42
1063,2020,106,48.11,VLo,14,12,M,1.0,1.0,6.98,Me,4.0,42
1064,2020,106,48.11,VLo,14,13,S,0.0,0.0,,,,42
1065,2020,106,48.11,VLo,14,14,V,,,13.19,Me,9.0,42
1066,2020,107,18.16,Me,7,1,V,,,,,,42
1067,2020,107,18.16,Me,7,2,S,0.0,0.0,,,,42
1068,2020,107,18.16,Me,7,3,M,1.0,4.0,3.07,Sh,2.0,42
1069,2020,107,18.16,Me,7,4,M,1.0,1.0,5.28,Me,2.0,42
1070,2020,107,18.16,Me,7,5,V,,,,,,42
1071,2020,107,18.16,Me,7,6,M,0.0,0.0,8.78,Me,5.0,42
1072,2020,107,18.16,Me,7,7,M,0.0,0.0,6.39,Me,5.0,42
1073,2020,107,18.16,Me,7,7,M,0.0,0.0,8.54,Me,7.0,42
1074,2020,108,49.2,VLo,17,1,M,1.0,4.0,1.63,Sh,4.0,42
1075,2020,108,49.2,VLo,17,2,M,0.0,0.0,1.97,Sh,2.0,42
1076,2020,108,49.2,VLo,17,2,V,,,1.55,Sh,1.0,42
1077,2020,108,49.2,VLo,17,3,V,,,6.16,Me,6.0,42
1078,2020,108,49.2,VLo,17,4,V,,,6.75,Me,6.0,42
1079,2020,108,49.2,VLo,17,5,V,,,7.18,Me,6.0,42
1080,2020,108,49.2,VLo,17,6,M,1.0,1.0,3.75,Sh,4.0,42
1081,2020,108,49.2,VLo,17,6,V,,,1.99,Sh,5.0,42
1082,2020,108,49.2,VLo,17,7,V,,,8.88,Me,5.0,42
1083,2020,108,49.2,VLo,17,7,M,1.0,5.0,4.11,Sh,4.0,42
1084,2020,108,49.2,VLo,17,7,M,,,,,,42
1085,2020,108,49.2,VLo,17,8,M,1.0,5.0,0.92,Sh,4.0,42
1086,2020,108,49.2,VLo,17,9,V,,,6.56,Me,4.0,42
1087,2020,108,49.2,VLo,17,10,M,1.0,1.0,3.6,Sh,4.0,42
1088,2020,108,49.2,VLo,17,11,S,0.0,0.0,,,,42
1089,2020,108,49.2,VLo,17,12,V,,,2.39,Sh,2.0,42
1090,2020,108,49.2,VLo,17,13,M,0.0,0.0,6.33,Me,3.0,42
1091,2020,108,49.2,VLo,17,14,S,0.0,0.0,,,,42
1092,2020,108,49.2,VLo,17,15,M,1.0,7.0,3.59,Sh,3.0,42
1093,2020,108,49.2,VLo,17,15,V,,,9.63,Me,6.0,42
1094,2020,108,49.2,VLo,17,16,M,1.0,1.0,7.7,Me,6.0,42
1095,2020,108,49.2,VLo,17,17,V,,,6.27,Me,6.0,42
1096,2020,109,52.87,VLo,16,1,V,,,,,,42
1097,2020,109,52.87,VLo,16,2,V,,,,,,42
1098,2020,109,52.87,VLo,16,2,V,,,3.04,Sh,5.0,42
1099,2020,109,52.87,VLo,16,2,V,,,1.5,Sh,3.0,42
1100,2020,109,52.87,VLo,16,2,V,,,2.0,Sh,2.0,42
1101,2020,109,52.87,VLo,16,3,S,0.0,0.0,,,,42
1102,2020,109,52.87,VLo,16,4,B,,,,,,42
1103,2020,109,52.87,VLo,16,5,V,,,5.57,Me,6.0,42
1104,2020,109,52.87,VLo,16,6,M,0.0,0.0,5.63,Me,2.0,42
1105,2020,109,52.87,VLo,16,7,S,0.0,0.0,,,,42
1106,2020,109,52.87,VLo,16,8,M,1.0,1.0,0.85,Sh,1.0,42
1107,2020,109,52.87,VLo,16,8,M,1.0,2.0,1.47,Sh,2.0,42
1108,2020,109,52.87,VLo,16,9,S,0.0,0.0,,,,42
1109,2020,109,52.87,VLo,16,10,M,1.0,1.0,4.99,Sh,5.0,42
1110,2020,109,52.87,VLo,16,11,S,0.0,0.0,,,,42
1111,2020,109,52.87,VLo,16,12,S,0.0,0.0,,,,42
1112,2020,109,52.87,VLo,16,13,V,,,8.09,Me,5.0,42
1113,2020,109,52.87,VLo,16,14,V,,,5.34,Me,3.0,42
1114,2020,109,52.87,VLo,16,15,M,0.0,0.0,9.12,Me,4.0,42
1115,2020,109,52.87,VLo,16,15,V,,,6.39,Me,3.0,42
1116,2020,109,52.87,VLo,16,16,V,,,4.49,Sh,3.0,42
1117,2020,109,52.87,VLo,16,16,M,0.0,0.0,8.47,Me,4.0,42
1118,2020,110,46.63,VLo,15,1,B,,,,,,42
1119,2020,110,46.63,VLo,15,2,B,,,,,,42
1120,2020,110,46.63,VLo,15,3,V,,,4.37,Sh,2.0,42
1121,2020,110,46.63,VLo,15,4,M,0.0,0.0,7.74,Me,6.0,42
1122,2020,110,46.63,VLo,15,5,M,1.0,1.0,8.6,Me,3.0,42
1123,2020,110,46.63,VLo,15,6,S,0.0,0.0,,,,42
1124,2020,110,46.63,VLo,15,7,S,0.0,0.0,,,,42
1125,2020,110,46.63,VLo,15,8,S,0.0,0.0,,,,42
1126,2020,110,46.63,VLo,15,9,S,0.0,0.0,,,,42
1127,2020,110,46.63,VLo,15,10,M,0.0,0.0,7.93,Me,6.0,42
1128,2020,110,46.63,VLo,15,11,M,1.0,2.0,5.38,Me,5.0,42
1129,2020,110,46.63,VLo,15,12,S,0.0,0.0,,,,42
1130,2020,110,46.63,VLo,15,13,V,,,3.73,Sh,6.0,42
1131,2020,110,46.63,VLo,15,13,M,0.0,0.0,1.25,Sh,5.0,42
1132,2020,110,46.63,VLo,15,14,V,,,3.92,Sh,2.0,42
1133,2020,110,46.63,VLo,15,15,M,1.0,3.0,6.82,Me,6.0,42
1134,2020,114,2.83,Sh,4,1,M,1.0,1.0,0.33,Sh,2.0,42
1135,2020,114,2.83,Sh,4,1,V,,,,,,42
1136,2020,114,2.83,Sh,4,2,B,,,,,,42
1137,2020,114,2.83,Sh,4,3,S,0.0,0.0,,,,42
1138,2020,114,2.83,Sh,4,4,V,,,3.72,Sh,7.0,42
1139,2020,115,3.26,Sh,3,1,B,,,,,,42
1140,2020,115,3.26,Sh,3,2,V,,,4.13,Sh,2.0,42
1141,2020,115,3.26,Sh,3,3,B,,,,,,42
1142,2020,116,1.39,Sh,1,1,V,,,6.56,Me,4.0,42
1143,2020,117,7.94,Me,4,1,S,0.0,0.0,,,,42
1144,2020,117,7.94,Me,4,2,B,,,,,,42
1145,2020,117,7.94,Me,4,3,V,,,4.23,Sh,4.0,42
1146,2020,117,7.94,Me,4,4,V,,,1.37,Sh,4.0,42
1147,2020,118,11.85,Me,8,1,B,,,,,,42
1148,2020,118,11.85,Me,8,2,B,,,,,,42
1149,2020,118,11.85,Me,8,3,V,,,1.25,Sh,3.0,42
1150,2020,118,11.85,Me,8,4,V,,,1.71,Sh,3.0,42
1151,2020,118,11.85,Me,8,5,S,0.0,0.0,,,,42
1152,2020,118,11.85,Me,8,6,V,,,6.41,Me,6.0,42
1153,2020,118,11.85,Me,8,7,M,1.0,7.0,3.13,Sh,2.0,42
1154,2020,118,11.85,Me,8,8,V,,,5.4,Me,5.0,42
1155,2020,118,11.85,Me,8,8,M,0.0,0.0,5.16,Me,4.0,42
1156,2020,119,12.98,Me,8,1,V,,,0.99,Sh,4.0,42
1157,2020,119,12.98,Me,8,1,V,,,2.91,Sh,5.0,42
1158,2020,119,12.98,Me,8,1,V,,,5.91,Me,7.0,42
1159,2020,119,12.98,Me,8,2,S,0.0,0.0,,,,42
1160,2020,119,12.98,Me,8,3,V,,,,,,42
1161,2020,119,12.98,Me,8,4,S,0.0,0.0,,,,42
1162,2020,119,12.98,Me,8,5,M,0.0,0.0,2.04,Sh,2.0,42
1163,2020,119,12.98,Me,8,6,M,0.0,0.0,3.96,Sh,5.0,42
1164,2020,119,12.98,Me,8,6,M,,,,,,42
1165,2020,119,12.98,Me,8,6,M,0.0,0.0,0.1,Sh,1.0,42
1166,2020,119,12.98,Me,8,7,M,0.0,0.0,6.58,Me,6.0,42
1167,2020,119,12.98,Me,8,7,M,0.0,0.0,3.16,Sh,3.0,42
1168,2020,119,12.98,Me,8,8,V,,,3.03,Sh,5.0,42
1169,2020,120,0.16,Sh,1,1,M,1.0,6.0,0.16,Sh,3.0,42
1170,2020,121,4.57,Sh,2,1,B,,,,,,42
1171,2020,121,4.57,Sh,2,2,B,,,,,,42
1172,2020,122,6.74,Me,6,1,B,,,,,,42
1173,2020,122,6.74,Me,6,2,M,0.0,0.0,2.39,Sh,1.0,42
1174,2020,122,6.74,Me,6,2,V,,,,,,42
1175,2020,122,6.74,Me,6,2,V,,,7.65,Me,8.0,42
1176,2020,122,6.74,Me,6,3,S,0.0,0.0,,,,42
1177,2020,122,6.74,Me,6,4,V,,,5.53,Me,8.0,42
1178,2020,122,6.74,Me,6,5,M,1.0,4.0,4.29,Sh,6.0,42
1179,2020,122,6.74,Me,6,6,M,1.0,2.0,6.41,Me,7.0,42
1180,2020,123,19.49,Me,11,1,V,,,2.46,Sh,4.0,42
1181,2020,123,19.49,Me,11,2,M,,,,,,42
1182,2020,123,19.49,Me,11,3,B,,,,,,42
1183,2020,123,19.49,Me,11,4,M,1.0,1.0,4.42,Sh,2.0,42
1184,2020,123,19.49,Me,11,5,V,,,7.57,Me,5.0,42
1185,2020,123,19.49,Me,11,6,S,0.0,0.0,,,,42
1186,2020,123,19.49,Me,11,7,S,0.0,0.0,,,,42
1187,2020,123,19.49,Me,11,8,M,1.0,5.0,5.82,Me,5.0,42
1188,2020,123,19.49,Me,11,9,M,0.0,0.0,5.27,Me,7.0,42
1189,2020,123,19.49,Me,11,10,S,0.0,0.0,,,,42
1190,2020,123,19.49,Me,11,11,M,0.0,0.0,4.46,Sh,6.0,42
1191,2020,124,18.52,Me,11,1,B,,,,,,42
1192,2020,124,18.52,Me,11,2,B,,,,,,42
1193,2020,124,18.52,Me,11,3,V,,,0.8,Sh,3.0,42
1194,2020,124,18.52,Me,11,3,V,,,2.97,Sh,6.0,42
1195,2020,124,18.52,Me,11,4,S,0.0,0.0,,,,42
1196,2020,124,18.52,Me,11,5,V,,,2.44,Sh,3.0,42
1197,2020,124,18.52,Me,11,5,M,0.0,0.0,2.83,Sh,4.0,42
1198,2020,124,18.52,Me,11,5,M,,,,,,42
1199,2020,124,18.52,Me,11,5,M,0.0,0.0,0.6,Sh,3.0,42
1200,2020,124,18.52,Me,11,6,M,0.0,0.0,3.5,Sh,1.0,42
1201,2020,124,18.52,Me,11,6,V,,,1.03,Sh,1.0,42
1202,2020,124,18.52,Me,11,7,M,0.0,0.0,3.91,Sh,6.0,42
1203,2020,124,18.52,Me,11,8,M,1.0,1.0,1.01,Sh,3.0,42
1204,2020,124,18.52,Me,11,9,V,,,5.95,Me,4.0,42
1205,2020,124,18.52,Me,11,10,M,1.0,2.0,7.98,Me,8.0,42
1206,2020,124,18.52,Me,11,11,M,0.0,0.0,12.85,Me,4.0,42
1207,2020,125,24.85,Lo,10,1,B,,,,,,42
1208,2020,125,24.85,Lo,10,2,B,,,,,,42
1209,2020,125,24.85,Lo,10,3,V,,,2.53,Sh,1.0,42
1210,2020,125,24.85,Lo,10,4,S,0.0,0.0,,,,42
1211,2020,125,24.85,Lo,10,5,M,1.0,5.0,4.35,Sh,5.0,42
1212,2020,125,24.85,Lo,10,5,V,,,2.13,Sh,4.0,42
1213,2020,125,24.85,Lo,10,6,S,0.0,0.0,,,,42
1214,2020,125,24.85,Lo,10,7,M,1.0,2.0,0.7,Sh,3.0,42
1215,2020,125,24.85,Lo,10,8,M,1.0,1.0,5.41,Me,5.0,42
1216,2020,125,24.85,Lo,10,9,M,1.0,3.0,9.86,Me,5.0,42
1217,2020,125,24.85,Lo,10,10,M,1.0,4.0,8.27,Me,2.0,42
1218,2020,126,9.86,Me,4,1,B,,,,,,42
1219,2020,126,9.86,Me,4,2,M,,,,,,42
1220,2020,126,9.86,Me,4,2,V,,,2.0,Sh,2.0,42
1221,2020,126,9.86,Me,4,2,M,0.0,0.0,0.52,Sh,1.0,42
1222,2020,126,9.86,Me,4,3,V,,,3.99,Sh,2.0,42
1223,2020,126,9.86,Me,4,4,M,1.0,1.0,2.4,Sh,2.0,42
1224,2020,127,10.13,Me,8,1,B,,,,,,42
1225,2020,127,10.13,Me,8,2,M,1.0,6.0,1.47,Sh,1.0,42
1226,2020,127,10.13,Me,8,3,B,,,,,,42
1227,2020,127,10.13,Me,8,4,S,0.0,0.0,,,,42
1228,2020,127,10.13,Me,8,5,M,0.0,0.0,5.5,Me,3.0,42
1229,2020,127,10.13,Me,8,6,M,,,,,,42
1230,2020,127,10.13,Me,8,7,V,,,7.45,Me,6.0,42
1231,2020,127,10.13,Me,8,8,M,0.0,0.0,6.93,Me,6.0,42
1232,2020,128,41.44,VLo,17,1,B,,,,,,42
1233,2020,128,41.44,VLo,17,2,M,0.0,0.0,4.3,Sh,3.0,42
1234,2020,128,41.44,VLo,17,3,S,0.0,0.0,,,,42
1235,2020,128,41.44,VLo,17,4,M,0.0,0.0,0.56,Sh,1.0,42
1236,2020,128,41.44,VLo,17,4,M,,,,,,42
1237,2020,128,41.44,VLo,17,5,V,,,6.51,Me,3.0,42
1238,2020,128,41.44,VLo,17,6,S,0.0,0.0,,,,42
1239,2020,128,41.44,VLo,17,7,M,1.0,3.0,1.58,Sh,3.0,42
1240,2020,128,41.44,VLo,17,8,S,0.0,0.0,,,,42
1241,2020,128,41.44,VLo,17,9,M,1.0,3.0,1.56,Sh,1.0,42
1242,2020,128,41.44,VLo,17,9,M,,,,,,42
1243,2020,128,41.44,VLo,17,10,M,0.0,0.0,3.13,Sh,3.0,42
1244,2020,128,41.44,VLo,17,11,S,0.0,0.0,,,,42
1245,2020,128,41.44,VLo,17,12,S,0.0,0.0,,,,42
1246,2020,128,41.44,VLo,17,13,M,0.0,0.0,8.79,Me,3.0,42
1247,2020,128,41.44,VLo,17,13,M,0.0,0.0,5.86,Me,5.0,42
1248,2020,128,41.44,VLo,17,13,M,1.0,3.0,12.57,Me,7.0,42
1249,2020,128,41.44,VLo,17,14,M,1.0,1.0,5.46,Me,6.0,42
1250,2020,128,41.44,VLo,17,15,M,0.0,0.0,7.23,Me,8.0,42
1251,2020,128,41.44,VLo,17,16,V,,,3.01,Sh,4.0,42
1252,2020,128,41.44,VLo,17,17,V,,,9.13,Me,5.0,42
1253,2020,129,56.78,VLo,17,1,V,,,,,,42
1254,2020,129,56.78,VLo,17,1,V,,,3.99,Sh,2.0,42
1255,2020,129,56.78,VLo,17,2,B,,,,,,42
1256,2020,129,56.78,VLo,17,3,B,,,,,,42
1257,2020,129,56.78,VLo,17,4,B,,,,,,42
1258,2020,129,56.78,VLo,17,5,V,,,3.33,Sh,6.0,42
1259,2020,129,56.78,VLo,17,6,M,1.0,1.0,5.17,Me,3.0,42
1260,2020,129,56.78,VLo,17,7,M,1.0,1.0,3.39,Sh,5.0,42
1261,2020,129,56.78,VLo,17,7,M,1.0,4.0,8.86,Me,7.0,42
1262,2020,129,56.78,VLo,17,8,S,0.0,0.0,,,,42
1263,2020,129,56.78,VLo,17,9,M,1.0,1.0,6.25,Me,5.0,42
1264,2020,129,56.78,VLo,17,10,M,,,,,,42
1265,2020,129,56.78,VLo,17,11,M,1.0,2.0,6.53,Me,2.0,42
1266,2020,129,56.78,VLo,17,12,V,,,11.93,Me,5.0,42
1267,2020,129,56.78,VLo,17,13,M,1.0,3.0,8.51,Me,3.0,42
1268,2020,129,56.78,VLo,17,14,M,0.0,0.0,12.83,Me,8.0,42
1269,2020,129,56.78,VLo,17,14,M,1.0,4.0,10.23,Me,7.0,42
1270,2020,129,56.78,VLo,17,15,V,,,3.59,Sh,4.0,42
1271,2020,129,56.78,VLo,17,16,V,,,4.38,Sh,4.0,42
1272,2020,129,56.78,VLo,17,17,V,,,4.16,Sh,2.0,42
1273,2020,130,54.67,VLo,17,1,B,,,,,,42
1274,2020,130,54.67,VLo,17,2,B,,,,,,42
1275,2020,130,54.67,VLo,17,3,B,,,,,,42
1276,2020,130,54.67,VLo,17,4,M,1.0,4.0,4.29,Sh,4.0,42
1277,2020,130,54.67,VLo,17,5,S,0.0,0.0,,,,42
1278,2020,130,54.67,VLo,17,6,V,,,0.81,Sh,2.0,42
1279,2020,130,54.67,VLo,17,7,S,0.0,0.0,,,,42
1280,2020,130,54.67,VLo,17,8,S,0.0,0.0,,,,42
1281,2020,130,54.67,VLo,17,9,M,,,,,,42
1282,2020,130,54.67,VLo,17,10,M,0.0,0.0,0.78,Sh,1.0,42
1283,2020,130,54.67,VLo,17,10,M,0.0,0.0,3.04,Sh,3.0,42
1284,2020,130,54.67,VLo,17,10,V,,,7.61,Me,5.0,42
1285,2020,130,54.67,VLo,17,11,M,,,,,,42
1286,2020,130,54.67,VLo,17,11,V,,,,,,42
1287,2020,130,54.67,VLo,17,12,M,1.0,3.0,9.48,Me,8.0,42
1288,2020,130,54.67,VLo,17,13,M,1.0,2.0,6.27,Me,3.0,42
1289,2020,130,54.67,VLo,17,13,M,0.0,0.0,5.08,Me,3.0,42
1290,2020,130,54.67,VLo,17,14,M,0.0,0.0,7.2,Me,5.0,42
1291,2020,130,54.67,VLo,17,15,V,,,7.62,Me,6.0,42
1292,2020,130,54.67,VLo,17,16,M,1.0,6.0,7.24,Me,7.0,42
1293,2020,130,54.67,VLo,17,17,M,1.0,4.0,5.88,Me,1.0,42
1294,2020,134,2.57,Sh,3,1,V,,,,,,42
1295,2020,134,2.57,Sh,3,2,V,,,3.28,Sh,5.0,42
1296,2020,134,2.57,Sh,3,3,B,,,,,,42
1297,2020,135,1.46,Sh,1,1,M,0.0,0.0,2.64,Sh,3.0,42
1298,2020,135,1.46,Sh,1,1,V,,,6.29,Me,7.0,42
1299,2020,136,3.21,Sh,7,1,S,0.0,0.0,,,,42
1300,2020,136,3.21,Sh,7,2,B,,,,,,42
1301,2020,136,3.21,Sh,7,3,M,0.0,0.0,0.11,Sh,2.0,42
1302,2020,136,3.21,Sh,7,4,S,0.0,0.0,,,,42
1303,2020,136,3.21,Sh,7,5,S,0.0,0.0,,,,42
1304,2020,136,3.21,Sh,7,6,M,0.0,0.0,7.91,Me,7.0,42
1305,2020,136,3.21,Sh,7,6,M,0.0,0.0,0.56,Sh,2.0,42
1306,2020,136,3.21,Sh,7,7,V,,,7.15,Me,4.0,42
1307,2020,137,0.06,Sh,1,1,S,0.0,0.0,,,,42
1308,2020,138,5.52,Me,4,1,B,,,,,,42
1309,2020,138,5.52,Me,4,2,S,0.0,0.0,,,,42
1310,2020,138,5.52,Me,4,3,B,,,,,,42
1311,2020,138,5.52,Me,4,4,V,,,2.84,Sh,3.0,42
1312,2020,138,5.52,Me,4,4,V,,,1.68,Sh,3.0,42
1313,2020,139,4.66,Sh,7,1,M,0.0,0.0,0.6,Sh,1.0,42
1314,2020,139,4.66,Sh,7,1,V,,,,,,42
1315,2020,139,4.66,Sh,7,2,V,,,1.82,Sh,3.0,42
1316,2020,139,4.66,Sh,7,2,V,,,0.07,Sh,1.0,42
1317,2020,139,4.66,Sh,7,3,S,0.0,0.0,,,,42
1318,2020,139,4.66,Sh,7,4,S,0.0,0.0,,,,42
1319,2020,139,4.66,Sh,7,5,M,0.0,0.0,5.6,Me,2.0,42
1320,2020,139,4.66,Sh,7,5,M,0.0,0.0,5.26,Me,5.0,42
1321,2020,139,4.66,Sh,7,6,V,,,4.28,Sh,4.0,42
1322,2020,139,4.66,Sh,7,7,M,0.0,0.0,4.38,Sh,4.0,42
1323,2020,140,16.67,Me,7,1,V,,,0.14,Sh,3.0,42
1324,2020,140,16.67,Me,7,1,V,,,1.95,Sh,3.0,42
1325,2020,140,16.67,Me,7,2,S,0.0,0.0,,,,42
1326,2020,140,16.67,Me,7,3,V,,,,,,42
1327,2020,140,16.67,Me,7,4,M,1.0,6.0,3.82,Sh,5.0,42
1328,2020,140,16.67,Me,7,5,M,1.0,1.0,2.4,Sh,5.0,42
1329,2020,140,16.67,Me,7,5,V,,,7.61,Me,3.0,42
1330,2020,140,16.67,Me,7,6,M,1.0,1.0,3.64,Sh,3.0,42
1331,2020,140,16.67,Me,7,6,M,1.0,5.0,7.28,Me,8.0,42
1332,2020,140,16.67,Me,7,7,M,0.0,0.0,3.97,Sh,5.0,42
1333,2020,141,4.9,Sh,5,1,V,,,2.02,Sh,3.0,42
1334,2020,141,4.9,Sh,5,2,B,,,,,,42
1335,2020,141,4.9,Sh,5,3,B,,,,,,42
1336,2020,141,4.9,Sh,5,4,M,0.0,0.0,1.53,Sh,3.0,42
1337,2020,141,4.9,Sh,5,5,S,0.0,0.0,,,,42
1338,2020,142,19.62,Me,7,1,S,0.0,0.0,,,,42
1339,2020,142,19.62,Me,7,2,V,,,0.94,Sh,1.0,42
1340,2020,142,19.62,Me,7,3,M,0.0,0.0,1.43,Sh,1.0,42
1341,2020,142,19.62,Me,7,3,V,,,1.57,Sh,2.0,42
1342,2020,142,19.62,Me,7,4,S,0.0,0.0,,,,42
1343,2020,142,19.62,Me,7,5,V,,,8.38,Me,6.0,42
1344,2020,142,19.62,Me,7,6,M,0.0,0.0,5.52,Me,6.0,42
1345,2020,142,19.62,Me,7,6,V,,,3.84,Sh,3.0,42
1346,2020,142,19.62,Me,7,6,M,0.0,0.0,4.9,Sh,4.0,42
1347,2020,142,19.62,Me,7,6,M,1.0,4.0,1.71,Sh,2.0,42
1348,2020,142,19.62,Me,7,7,M,1.0,3.0,6.7,Me,3.0,42
1349,2020,143,29.61,Lo,14,1,V,,,3.54,Sh,6.0,42
1350,2020,143,29.61,Lo,14,2,V,,,0.13,Sh,1.0,42
1351,2020,143,29.61,Lo,14,2,V,,,2.53,Sh,3.0,42
1352,2020,143,29.61,Lo,14,3,V,,,2.4,Sh,5.0,42
1353,2020,143,29.61,Lo,14,3,M,0.0,0.0,2.53,Sh,1.0,42
1354,2020,143,29.61,Lo,14,4,V,,,3.03,Sh,3.0,42
1355,2020,143,29.61,Lo,14,5,M,1.0,4.0,8.45,Me,9.0,42
1356,2020,143,29.61,Lo,14,6,V,,,4.41,Sh,5.0,42
1357,2020,143,29.61,Lo,14,7,S,0.0,0.0,,,,42
1358,2020,143,29.61,Lo,14,8,M,0.0,0.0,3.26,Sh,4.0,42
1359,2020,143,29.61,Lo,14,8,V,,,11.81,Me,8.0,42
1360,2020,143,29.61,Lo,14,8,M,1.0,6.0,2.99,Sh,1.0,42
1361,2020,143,29.61,Lo,14,8,V,,,5.38,Me,6.0,42
1362,2020,143,29.61,Lo,14,9,M,0.0,0.0,5.44,Me,4.0,42
1363,2020,143,29.61,Lo,14,10,S,0.0,0.0,,,,42
1364,2020,143,29.61,Lo,14,11,M,0.0,0.0,0.83,Sh,1.0,42
1365,2020,143,29.61,Lo,14,12,M,0.0,0.0,1.45,Sh,2.0,42
1366,2020,143,29.61,Lo,14,13,M,1.0,5.0,1.06,Sh,1.0,42
1367,2020,143,29.61,Lo,14,14,V,,,5.18,Me,5.0,42
1368,2020,144,4.92,Sh,6,1,B,,,,,,42
1369,2020,144,4.92,Sh,6,2,M,1.0,2.0,0.03,Sh,2.0,42
1370,2020,144,4.92,Sh,6,3,S,0.0,0.0,,,,42
1371,2020,144,4.92,Sh,6,4,V,,,5.06,Me,6.0,42
1372,2020,144,4.92,Sh,6,5,S,0.0,0.0,,,,42
1373,2020,144,4.92,Sh,6,6,M,0.0,0.0,5.42,Me,3.0,42
1374,2020,145,35.45,Lo,15,1,B,,,,,,42
1375,2020,145,35.45,Lo,15,2,V,,,0.28,Sh,1.0,42
1376,2020,145,35.45,Lo,15,3,B,,,,,,42
1377,2020,145,35.45,Lo,15,4,M,,,,,,42
1378,2020,145,35.45,Lo,15,5,S,0.0,0.0,,,,42
1379,2020,145,35.45,Lo,15,6,S,0.0,0.0,,,,42
1380,2020,145,35.45,Lo,15,7,V,,,5.36,Me,7.0,42
1381,2020,145,35.45,Lo,15,7,V,,,4.67,Sh,2.0,42
1382,2020,145,35.45,Lo,15,8,S,0.0,0.0,,,,42
1383,2020,145,35.45,Lo,15,9,V,,,4.02,Sh,6.0,42
1384,2020,145,35.45,Lo,15,10,M,1.0,2.0,2.83,Sh,1.0,42
1385,2020,145,35.45,Lo,15,10,M,1.0,4.0,8.0,Me,6.0,42
1386,2020,145,35.45,Lo,15,11,M,,,,,,42
1387,2020,145,35.45,Lo,15,12,M,1.0,2.0,7.29,Me,4.0,42
1388,2020,145,35.45,Lo,15,13,M,0.0,0.0,7.22,Me,7.0,42
1389,2020,145,35.45,Lo,15,14,V,,,3.17,Sh,5.0,42
1390,2020,145,35.45,Lo,15,14,V,,,0.63,Sh,4.0,42
1391,2020,145,35.45,Lo,15,15,V,,,10.77,Me,6.0,42
1392,2020,145,35.45,Lo,15,15,M,1.0,1.0,6.82,Me,7.0,42
1393,2020,145,35.45,Lo,15,15,M,1.0,5.0,4.29,Sh,3.0,42
1394,2020,146,34.19,Lo,15,1,B,,,,,,42
1395,2020,146,34.19,Lo,15,2,S,0.0,0.0,,,,42
1396,2020,146,34.19,Lo,15,3,S,0.0,0.0,,,,42
1397,2020,146,34.19,Lo,15,4,V,,,,,,42
1398,2020,146,34.19,Lo,15,5,B,,,,,,42
1399,2020,146,34.19,Lo,15,6,V,,,1.16,Sh,2.0,42
1400,2020,146,34.19,Lo,15,7,M,1.0,1.0,3.6,Sh,2.0,42
1401,2020,146,34.19,Lo,15,8,M,1.0,3.0,6.35,Me,5.0,42
1402,2020,146,34.19,Lo,15,9,M,0.0,0.0,7.7,Me,3.0,42
1403,2020,146,34.19,Lo,15,9,M,0.0,0.0,5.5,Me,5.0,42
1404,2020,146,34.19,Lo,15,9,M,0.0,0.0,2.09,Sh,3.0,42
1405,2020,146,34.19,Lo,15,9,M,0.0,0.0,3.44,Sh,5.0,42
1406,2020,146,34.19,Lo,15,10,M,1.0,1.0,5.79,Me,4.0,42
1407,2020,146,34.19,Lo,15,11,V,,,0.18,Sh,1.0,42
1408,2020,146,34.19,Lo,15,11,M,,,,,,42
1409,2020,146,34.19,Lo,15,12,M,1.0,7.0,11.76,Me,10.0,42
1410,2020,146,34.19,Lo,15,12,M,,,,,,42
1411,2020,146,34.19,Lo,15,13,V,,,4.5,Sh,6.0,42
1412,2020,146,34.19,Lo,15,14,V,,,3.49,Sh,4.0,42
1413,2020,146,34.19,Lo,15,15,S,0.0,0.0,,,,42
1414,2020,147,38.19,Lo,13,1,V,,,5.42,Me,2.0,42
1415,2020,147,38.19,Lo,13,2,V,,,,,,42
1416,2020,147,38.19,Lo,13,3,S,0.0,0.0,,,,42
1417,2020,147,38.19,Lo,13,4,M,0.0,0.0,3.4,Sh,3.0,42
1418,2020,147,38.19,Lo,13,4,M,1.0,3.0,0.78,Sh,5.0,42
1419,2020,147,38.19,Lo,13,5,S,0.0,0.0,,,,42
1420,2020,147,38.19,Lo,13,6,S,0.0,0.0,,,,42
1421,2020,147,38.19,Lo,13,7,S,0.0,0.0,,,,42
1422,2020,147,38.19,Lo,13,8,S,0.0,0.0,,,,42
1423,2020,147,38.19,Lo,13,9,V,,,,,,42
1424,2020,147,38.19,Lo,13,10,M,1.0,7.0,10.83,Me,5.0,42
1425,2020,147,38.19,Lo,13,11,V,,,12.34,Me,5.0,42
1426,2020,147,38.19,Lo,13,12,M,0.0,0.0,6.07,Me,1.0,42
1427,2020,147,38.19,Lo,13,13,M,1.0,3.0,6.6,Me,10.0,42
1428,2020,148,12.08,Me,6,1,M,,,,,,42
1429,2020,148,12.08,Me,6,1,V,,,1.14,Sh,2.0,42
1430,2020,148,12.08,Me,6,2,B,,,,,,42
1431,2020,148,12.08,Me,6,3,S,0.0,0.0,,,,42
1432,2020,148,12.08,Me,6,4,S,0.0,0.0,,,,42
1433,2020,148,12.08,Me,6,5,B,,,,,,42
1434,2020,148,12.08,Me,6,6,M,0.0,0.0,1.06,Sh,4.0,42
1435,2020,149,38.15,Lo,13,1,B,,,,,,42
1436,2020,149,38.15,Lo,13,2,M,0.0,0.0,5.15,Me,2.0,42
1437,2020,149,38.15,Lo,13,3,B,,,,,,42
1438,2020,149,38.15,Lo,13,4,M,0.0,0.0,6.45,Me,4.0,42
1439,2020,149,38.15,Lo,13,4,M,,,,,,42
1440,2020,149,38.15,Lo,13,5,V,,,,,,42
1441,2020,149,38.15,Lo,13,6,M,1.0,3.0,4.08,Sh,3.0,42
1442,2020,149,38.15,Lo,13,7,S,0.0,0.0,,,,42
1443,2020,149,38.15,Lo,13,8,M,1.0,3.0,3.6,Sh,7.0,42
1444,2020,149,38.15,Lo,13,9,V,,,5.0,Sh,3.0,42
1445,2020,149,38.15,Lo,13,10,S,0.0,0.0,,,,42
1446,2020,149,38.15,Lo,13,11,M,1.0,3.0,6.62,Me,6.0,42
1447,2020,149,38.15,Lo,13,12,M,1.0,5.0,6.54,Me,3.0,42
1448,2020,149,38.15,Lo,13,13,M,0.0,0.0,8.99,Me,6.0,42
1449,2020,150,43.44,VLo,17,1,V,,,0.76,Sh,4.0,42
1450,2020,150,43.44,VLo,17,1,V,,,,,,42
1451,2020,150,43.44,VLo,17,1,M,0.0,0.0,2.51,Sh,1.0,42
1452,2020,150,43.44,VLo,17,2,V,,,4.39,Sh,4.0,42
1453,2020,150,43.44,VLo,17,3,V,,,4.55,Sh,1.0,42
1454,2020,150,43.44,VLo,17,4,M,1.0,4.0,0.77,Sh,2.0,42
1455,2020,150,43.44,VLo,17,5,V,,,6.59,Me,6.0,42
1456,2020,150,43.44,VLo,17,5,M,1.0,3.0,0.6,Sh,6.0,42
1457,2020,150,43.44,VLo,17,5,M,0.0,0.0,7.97,Me,4.0,42
1458,2020,150,43.44,VLo,17,6,M,1.0,3.0,1.54,Sh,5.0,42
1459,2020,150,43.44,VLo,17,7,M,1.0,2.0,4.55,Sh,3.0,42
1460,2020,150,43.44,VLo,17,8,S,0.0,0.0,,,,42
1461,2020,150,43.44,VLo,17,9,V,,,3.53,Sh,2.0,42
1462,2020,150,43.44,VLo,17,10,S,0.0,0.0,,,,42
1463,2020,150,43.44,VLo,17,11,M,0.0,0.0,4.16,Sh,4.0,42
1464,2020,150,43.44,VLo,17,12,V,,,10.58,Me,8.0,42
1465,2020,150,43.44,VLo,17,12,V,,,5.7,Me,7.0,42
1466,2020,150,43.44,VLo,17,12,V,,,4.77,Sh,5.0,42
1467,2020,150,43.44,VLo,17,12,V,,,4.69,Sh,4.0,42
1468,2020,150,43.44,VLo,17,13,V,,,7.44,Me,7.0,42
1469,2020,150,43.44,VLo,17,14,S,0.0,0.0,,,,42
1470,2020,150,43.44,VLo,17,15,V,,,4.04,Sh,6.0,42
1471,2020,150,43.44,VLo,17,16,V,,,2.46,Sh,2.0,42
1472,2020,150,43.44,VLo,17,17,V,,,9.54,Me,5.0,42
1473,2020,154,3.54,Sh,2,1,S,0.0,0.0,,,,42
1474,2020,154,3.54,Sh,2,2,V,,,0.89,Sh,3.0,42
1475,2020,154,3.54,Sh,2,2,V,,,4.5,Sh,2.0,42
1476,2020,155,6.27,Me,5,1,S,0.0,0.0,,,,42
1477,2020,155,6.27,Me,5,2,V,,,1.24,Sh,5.0,42
1478,2020,155,6.27,Me,5,3,S,0.0,0.0,,,,42
1479,2020,155,6.27,Me,5,4,V,,,2.04,Sh,2.0,42
1480,2020,155,6.27,Me,5,5,M,0.0,0.0,3.74,Sh,6.0,42
1481,2020,155,6.27,Me,5,5,M,0.0,0.0,9.06,Me,7.0,42
1482,2020,155,6.27,Me,5,5,M,1.0,2.0,9.72,Me,8.0,42
1483,2020,155,6.27,Me,5,5,V,,,8.99,Me,5.0,42
1484,2020,156,2.36,Sh,3,1,V,,,1.2,Sh,1.0,42
1485,2020,156,2.36,Sh,3,2,V,,,3.1,Sh,2.0,42
1486,2020,156,2.36,Sh,3,3,B,,,,,,42
1487,2020,157,1.65,Sh,2,1,S,0.0,0.0,,,,42
1488,2020,157,1.65,Sh,2,2,V,,,5.53,Me,5.0,42
1489,2020,157,1.65,Sh,2,2,M,0.0,0.0,6.03,Me,7.0,42
1490,2020,158,10.33,Me,7,1,V,,,,,,42
1491,2020,158,10.33,Me,7,2,V,,,,,,42
1492,2020,158,10.33,Me,7,3,S,0.0,0.0,,,,42
1493,2020,158,10.33,Me,7,4,M,,,,,,42
1494,2020,158,10.33,Me,7,4,V,,,3.39,Sh,4.0,42
1495,2020,158,10.33,Me,7,5,V,,,0.06,Sh,1.0,42
1496,2020,158,10.33,Me,7,6,M,1.0,4.0,2.98,Sh,2.0,42
1497,2020,158,10.33,Me,7,7,S,0.0,0.0,,,,42
1498,2020,159,2.5,Sh,3,1,V,,,4.8,Sh,5.0,42
1499,2020,159,2.5,Sh,3,2,V,,,1.72,Sh,6.0,42
1500,2020,159,2.5,Sh,3,3,B,,,,,,42
1501,2020,160,1.43,Sh,5,1,S,0.0,0.0,,,,42
1502,2020,160,1.43,Sh,5,2,B,,,,,,42
1503,2020,160,1.43,Sh,5,3,S,0.0,0.0,,,,42
1504,2020,160,1.43,Sh,5,4,B,,,,,,42
1505,2020,160,1.43,Sh,5,5,S,0.0,0.0,,,,42
1506,2020,161,26.47,Lo,12,1,V,,,3.08,Sh,4.0,42
1507,2020,161,26.47,Lo,12,2,M,0.0,0.0,2.35,Sh,3.0,42
1508,2020,161,26.47,Lo,12,2,M,0.0,0.0,5.56,Me,5.0,42
1509,2020,161,26.47,Lo,12,2,V,,,,,,42
1510,2020,161,26.47,Lo,12,2,V,,,,,,42
1511,2020,161,26.47,Lo,12,3,S,0.0,0.0,,,,42
1512,2020,161,26.47,Lo,12,4,B,,,,,,42
1513,2020,161,26.47,Lo,12,5,S,0.0,0.0,,,,42
1514,2020,161,26.47,Lo,12,6,V,,,7.27,Me,7.0,42
1515,2020,161,26.47,Lo,12,7,S,0.0,0.0,,,,42
1516,2020,161,26.47,Lo,12,8,S,0.0,0.0,,,,42
1517,2020,161,26.47,Lo,12,9,M,1.0,2.0,3.58,Sh,2.0,42
1518,2020,161,26.47,Lo,12,10,V,,,4.49,Sh,4.0,42
1519,2020,161,26.47,Lo,12,10,M,0.0,0.0,6.07,Me,3.0,42
1520,2020,161,26.47,Lo,12,11,M,0.0,0.0,2.24,Sh,3.0,42
1521,2020,161,26.47,Lo,12,12,M,0.0,0.0,3.92,Sh,3.0,42
1522,2020,161,26.47,Lo,12,12,V,,,7.08,Me,8.0,42
1523,2020,162,1.8,Sh,4,1,V,,,,,,42
1524,2020,162,1.8,Sh,4,1,M,0.0,0.0,1.57,Sh,1.0,42
1525,2020,162,1.8,Sh,4,1,V,,,4.39,Sh,6.0,42
1526,2020,162,1.8,Sh,4,1,V,,,2.48,Sh,2.0,42
1527,2020,162,1.8,Sh,4,2,V,,,1.31,Sh,1.0,42
1528,2020,162,1.8,Sh,4,3,B,,,,,,42
1529,2020,162,1.8,Sh,4,4,V,,,7.58,Me,8.0,42
1530,2020,162,1.8,Sh,4,4,V,,,4.56,Sh,2.0,42
1531,2020,163,2.51,Sh,5,1,S,0.0,0.0,,,,42
1532,2020,163,2.51,Sh,5,2,S,0.0,0.0,,,,42
1533,2020,163,2.51,Sh,5,3,M,0.0,0.0,7.08,Me,5.0,42
1534,2020,163,2.51,Sh,5,4,S,0.0,0.0,,,,42
1535,2020,163,2.51,Sh,5,5,M,0.0,0.0,3.51,Sh,4.0,42
1536,2020,164,28.3,Lo,11,1,B,,,,,,42
1537,2020,164,28.3,Lo,11,2,V,,,,,,42
1538,2020,164,28.3,Lo,11,3,V,,,,,,42
1539,2020,164,28.3,Lo,11,4,V,,,0.75,Sh,2.0,42
1540,2020,164,28.3,Lo,11,5,M,,,,,,42
1541,2020,164,28.3,Lo,11,6,S,0.0,0.0,,,,42
1542,2020,164,28.3,Lo,11,7,V,,,5.4,Me,6.0,42
1543,2020,164,28.3,Lo,11,8,V,,,7.8,Me,6.0,42
1544,2020,164,28.3,Lo,11,8,M,,,,,,42
1545,2020,164,28.3,Lo,11,9,M,1.0,4.0,9.17,Me,8.0,42
1546,2020,164,28.3,Lo,11,10,S,0.0,0.0,,,,42
1547,2020,164,28.3,Lo,11,11,M,0.0,0.0,7.94,Me,6.0,42
1548,2020,165,28.42,Lo,8,1,B,,,,,,42
1549,2020,165,28.42,Lo,8,2,V,,,0.81,Sh,5.0,42
1550,2020,165,28.42,Lo,8,3,V,,,1.23,Sh,2.0,42
1551,2020,165,28.42,Lo,8,4,S,0.0,0.0,,,,42
1552,2020,165,28.42,Lo,8,5,S,0.0,0.0,,,,42
1553,2020,165,28.42,Lo,8,6,S,0.0,0.0,,,,42
1554,2020,165,28.42,Lo,8,7,V,,,1.99,Sh,4.0,42
1555,2020,165,28.42,Lo,8,8,M,1.0,5.0,6.22,Me,5.0,42
1556,2020,166,27.68,Lo,12,1,V,,,0.81,Sh,3.0,42
1557,2020,166,27.68,Lo,12,2,B,,,,,,42
1558,2020,166,27.68,Lo,12,3,V,,,1.22,Sh,2.0,42
1559,2020,166,27.68,Lo,12,4,M,1.0,5.0,0.65,Sh,1.0,42
1560,2020,166,27.68,Lo,12,5,M,0.0,0.0,3.58,Sh,3.0,42
1561,2020,166,27.68,Lo,12,6,S,0.0,0.0,,,,42
1562,2020,166,27.68,Lo,12,7,S,0.0,0.0,,,,42
1563,2020,166,27.68,Lo,12,8,S,0.0,0.0,,,,42
1564,2020,166,27.68,Lo,12,9,M,0.0,0.0,2.98,Sh,3.0,42
1565,2020,166,27.68,Lo,12,9,M,1.0,2.0,3.77,Sh,1.0,42
1566,2020,166,27.68,Lo,12,10,M,0.0,0.0,4.26,Sh,5.0,42
1567,2020,166,27.68,Lo,12,10,V,,,4.03,Sh,7.0,42
1568,2020,166,27.68,Lo,12,10,V,,,6.4,Me,3.0,42
1569,2020,166,27.68,Lo,12,11,M,0.0,0.0,4.48,Sh,3.0,42
1570,2020,166,27.68,Lo,12,12,S,0.0,0.0,,,,42
1571,2020,167,32.05,Lo,10,1,V,,,0.42,Sh,2.0,42
1572,2020,167,32.05,Lo,10,2,B,,,,,,42
1573,2020,167,32.05,Lo,10,3,S,0.0,0.0,,,,42
1574,2020,167,32.05,Lo,10,4,M,1.0,1.0,3.19,Sh,7.0,42
1575,2020,167,32.05,Lo,10,4,M,0.0,0.0,2.99,Sh,2.0,42
1576,2020,167,32.05,Lo,10,5,S,0.0,0.0,,,,42
1577,2020,167,32.05,Lo,10,6,M,1.0,1.0,0.25,Sh,1.0,42
1578,2020,167,32.05,Lo,10,7,M,1.0,5.0,3.76,Sh,4.0,42
1579,2020,167,32.05,Lo,10,8,M,1.0,4.0,4.52,Sh,3.0,42
1580,2020,167,32.05,Lo,10,9,S,0.0,0.0,,,,42
1581,2020,167,32.05,Lo,10,10,V,,,7.96,Me,6.0,42
1582,2020,168,47.63,VLo,17,1,B,,,,,,42
1583,2020,168,47.63,VLo,17,2,V,,,,,,42
1584,2020,168,47.63,VLo,17,2,V,,,1.77,Sh,2.0,42
1585,2020,168,47.63,VLo,17,2,V,,,1.43,Sh,2.0,42
1586,2020,168,47.63,VLo,17,3,V,,,3.53,Sh,3.0,42
1587,2020,168,47.63,VLo,17,4,M,1.0,2.0,2.3,Sh,1.0,42
1588,2020,168,47.63,VLo,17,5,B,,,,,,42
1589,2020,168,47.63,VLo,17,6,M,0.0,0.0,6.84,Me,6.0,42
1590,2020,168,47.63,VLo,17,6,V,,,,,,42
1591,2020,168,47.63,VLo,17,7,M,1.0,3.0,5.7,Me,6.0,42
1592,2020,168,47.63,VLo,17,8,S,0.0,0.0,,,,42
1593,2020,168,47.63,VLo,17,9,V,,,7.68,Me,7.0,42
1594,2020,168,47.63,VLo,17,10,M,1.0,1.0,4.41,Sh,3.0,42
1595,2020,168,47.63,VLo,17,11,M,1.0,1.0,4.15,Sh,3.0,42
1596,2020,168,47.63,VLo,17,12,V,,,6.59,Me,7.0,42
1597,2020,168,47.63,VLo,17,13,S,0.0,0.0,,,,42
1598,2020,168,47.63,VLo,17,14,V,,,5.64,Me,3.0,42
1599,2020,168,47.63,VLo,17,15,M,1.0,3.0,7.33,Me,4.0,42
1600,2020,168,47.63,VLo,17,16,V,,,12.1,Me,9.0,42
1601,2020,168,47.63,VLo,17,16,M,0.0,0.0,6.46,Me,7.0,42
1602,2020,168,47.63,VLo,17,16,V,,,6.44,Me,2.0,42
1603,2020,168,47.63,VLo,17,17,V,,,6.38,Me,3.0,42
1604,2020,168,47.63,VLo,17,17,V,,,8.85,Me,8.0,42
1605,2020,169,38.68,Lo,12,1,M,1.0,1.0,5.81,Me,3.0,42
1606,2020,169,38.68,Lo,12,2,V,,,,,,42
1607,2020,169,38.68,Lo,12,2,V,,,0.92,Sh,2.0,42
1608,2020,169,38.68,Lo,12,2,V,,,3.78,Sh,6.0,42
1609,2020,169,38.68,Lo,12,2,V,,,,,,42
1610,2020,169,38.68,Lo,12,3,V,,,1.54,Sh,2.0,42
1611,2020,169,38.68,Lo,12,4,B,,,,,,42
1612,2020,169,38.68,Lo,12,5,V,,,0.57,Sh,5.0,42
1613,2020,169,38.68,Lo,12,6,M,1.0,6.0,4.34,Sh,6.0,42
1614,2020,169,38.68,Lo,12,7,V,,,4.25,Sh,2.0,42
1615,2020,169,38.68,Lo,12,7,M,1.0,4.0,5.19,Me,6.0,42
1616,2020,169,38.68,Lo,12,8,S,0.0,0.0,,,,42
1617,2020,169,38.68,Lo,12,9,M,1.0,6.0,7.6,Me,11.0,42
1618,2020,169,38.68,Lo,12,10,S,0.0,0.0,,,,42
1619,2020,169,38.68,Lo,12,11,M,0.0,0.0,5.53,Me,5.0,42
1620,2020,169,38.68,Lo,12,11,M,0.0,0.0,6.15,Me,2.0,42
1621,2020,169,38.68,Lo,12,12,M,1.0,1.0,10.21,Me,5.0,42
1622,2020,170,48.7,VLo,18,1,B,,,,,,42
1623,2020,170,48.7,VLo,18,2,B,,,,,,42
1624,2020,170,48.7,VLo,18,3,M,1.0,3.0,3.71,Sh,8.0,42
1625,2020,170,48.7,VLo,18,4,S,0.0,0.0,,,,42
1626,2020,170,48.7,VLo,18,5,M,1.0,3.0,4.65,Sh,3.0,42
1627,2020,170,48.7,VLo,18,6,M,1.0,4.0,0.67,Sh,1.0,42
1628,2020,170,48.7,VLo,18,7,M,1.0,2.0,1.77,Sh,2.0,42
1629,2020,170,48.7,VLo,18,8,V,,,0.88,Sh,2.0,42
1630,2020,170,48.7,VLo,18,8,M,0.0,0.0,4.19,Sh,4.0,42
1631,2020,170,48.7,VLo,18,9,S,0.0,0.0,,,,42
1632,2020,170,48.7,VLo,18,10,S,0.0,0.0,,,,42
1633,2020,170,48.7,VLo,18,11,S,0.0,0.0,,,,42
1634,2020,170,48.7,VLo,18,12,S,0.0,0.0,,,,42
1635,2020,170,48.7,VLo,18,13,V,,,3.48,Sh,4.0,42
1636,2020,170,48.7,VLo,18,14,S,0.0,0.0,,,,42
1637,2020,170,48.7,VLo,18,15,V,,,4.94,Sh,2.0,42
1638,2020,170,48.7,VLo,18,16,S,0.0,0.0,,,,42
1639,2020,170,48.7,VLo,18,17,V,,,8.53,Me,2.0,42
1640,2020,170,48.7,VLo,18,18,M,0.0,0.0,6.59,Me,4.0,42
1641,2020,174,0.8,Sh,1,1,S,0.0,0.0,,,,42
1642,2020,175,1.03,Sh,1,1,S,0.0,0.0,,,,42
1643,2020,176,8.16,Me,6,1,V,,,2.07,Sh,3.0,42
1644,2020,176,8.16,Me,6,1,V,,,,,,42
1645,2020,176,8.16,Me,6,2,V,,,,,,42
1646,2020,176,8.16,Me,6,2,M,0.0,0.0,0.04,Sh,4.0,42
1647,2020,176,8.16,Me,6,2,V,,,3.79,Sh,6.0,42
1648,2020,176,8.16,Me,6,2,M,0.0,0.0,5.09,Me,3.0,42
1649,2020,176,8.16,Me,6,3,V,,,1.1,Sh,1.0,42
1650,2020,176,8.16,Me,6,3,V,,,1.8,Sh,2.0,42
1651,2020,176,8.16,Me,6,3,M,0.0,0.0,0.18,Sh,3.0,42
1652,2020,176,8.16,Me,6,3,M,,,,,,42
1653,2020,176,8.16,Me,6,4,S,0.0,0.0,,,,42
1654,2020,176,8.16,Me,6,5,M,1.0,4.0,2.21,Sh,3.0,42
1655,2020,176,8.16,Me,6,5,V,,,6.27,Me,4.0,42
1656,2020,176,8.16,Me,6,5,M,,,,,,42
1657,2020,176,8.16,Me,6,6,M,0.0,0.0,2.69,Sh,4.0,42
1658,2020,176,8.16,Me,6,6,V,,,5.06,Me,3.0,42
1659,2020,176,8.16,Me,6,6,M,0.0,0.0,4.78,Sh,3.0,42
1660,2020,177,5.04,Me,6,1,V,,,4.05,Sh,3.0,42
1661,2020,177,5.04,Me,6,2,M,0.0,0.0,1.22,Sh,3.0,42
1662,2020,177,5.04,Me,6,2,V,,,0.77,Sh,2.0,42
1663,2020,177,5.04,Me,6,3,M,0.0,0.0,7.43,Me,3.0,42
1664,2020,177,5.04,Me,6,4,V,,,3.34,Sh,1.0,42
1665,2020,177,5.04,Me,6,4,M,0.0,0.0,3.35,Sh,4.0,42
1666,2020,177,5.04,Me,6,4,V,,,0.34,Sh,1.0,42
1667,2020,177,5.04,Me,6,5,V,,,3.07,Sh,4.0,42
1668,2020,177,5.04,Me,6,6,M,0.0,0.0,2.68,Sh,4.0,42
1669,2020,178,1.33,Sh,4,1,V,,,3.53,Sh,3.0,42
1670,2020,178,1.33,Sh,4,1,V,,,,,,42
1671,2020,178,1.33,Sh,4,2,B,,,,,,42
1672,2020,178,1.33,Sh,4,3,V,,,0.93,Sh,2.0,42
1673,2020,178,1.33,Sh,4,4,M,0.0,0.0,4.51,Sh,2.0,42
1674,2020,179,7.41,Me,1,1,V,,,2.2,Sh,3.0,42
1675,2020,180,15.29,Me,8,1,V,,,4.65,Sh,2.0,42
1676,2020,180,15.29,Me,8,2,M,,,,,,42
1677,2020,180,15.29,Me,8,2,V,,,8.11,Me,4.0,42
1678,2020,180,15.29,Me,8,3,V,,,2.96,Sh,5.0,42
1679,2020,180,15.29,Me,8,3,V,,,1.15,Sh,5.0,42
1680,2020,180,15.29,Me,8,4,S,0.0,0.0,,,,42
1681,2020,180,15.29,Me,8,5,S,0.0,0.0,,,,42
1682,2020,180,15.29,Me,8,6,M,0.0,0.0,2.28,Sh,3.0,42
1683,2020,180,15.29,Me,8,7,M,0.0,0.0,5.41,Me,4.0,42
1684,2020,180,15.29,Me,8,8,B,,,,,,42
1685,2020,181,29.05,Lo,10,1,M,0.0,0.0,0.48,Sh,2.0,42
1686,2020,181,29.05,Lo,10,2,V,,,3.39,Sh,6.0,42
1687,2020,181,29.05,Lo,10,2,M,,,,,,42
1688,2020,181,29.05,Lo,10,2,V,,,,,,42
1689,2020,181,29.05,Lo,10,2,V,,,,,,42
1690,2020,181,29.05,Lo,10,3,M,0.0,0.0,2.24,Sh,2.0,42
1691,2020,181,29.05,Lo,10,3,V,,,2.37,Sh,6.0,42
1692,2020,181,29.05,Lo,10,4,V,,,2.66,Sh,2.0,42
1693,2020,181,29.05,Lo,10,5,M,0.0,0.0,0.53,Sh,4.0,42
1694,2020,181,29.05,Lo,10,6,S,0.0,0.0,,,,42
1695,2020,181,29.05,Lo,10,7,S,0.0,0.0,,,,42
1696,2020,181,29.05,Lo,10,8,M,1.0,1.0,8.12,Me,7.0,42
1697,2020,181,29.05,Lo,10,9,M,1.0,2.0,9.12,Me,9.0,42
1698,2020,181,29.05,Lo,10,9,V,,,3.33,Sh,4.0,42
1699,2020,181,29.05,Lo,10,10,M,0.0,0.0,2.53,Sh,7.0,42
1700,2020,182,29.31,Lo,10,1,M,0.0,0.0,1.67,Sh,4.0,42
1701,2020,182,29.31,Lo,10,1,V,,,1.77,Sh,3.0,42
1702,2020,182,29.31,Lo,10,2,S,0.0,0.0,,,,42
1703,2020,182,29.31,Lo,10,3,B,,,,,,42
1704,2020,182,29.31,Lo,10,4,V,,,2.51,Sh,4.0,42
1705,2020,182,29.31,Lo,10,5,M,1.0,4.0,7.54,Me,5.0,42
1706,2020,182,29.31,Lo,10,6,V,,,5.77,Me,2.0,42
1707,2020,182,29.31,Lo,10,7,S,0.0,0.0,,,,42
1708,2020,182,29.31,Lo,10,8,M,1.0,1.0,0.3,Sh,3.0,42
1709,2020,182,29.31,Lo,10,9,M,0.0,0.0,5.9,Me,4.0,42
1710,2020,182,29.31,Lo,10,10,M,,,,,,42
1711,2020,183,13.72,Me,11,1,V,,,,,,42
1712,2020,183,13.72,Me,11,2,B,,,,,,42
1713,2020,183,13.72,Me,11,3,S,0.0,0.0,,,,42
1714,2020,183,13.72,Me,11,4,V,,,,,,42
1715,2020,183,13.72,Me,11,4,M,0.0,0.0,4.99,Sh,6.0,42
1716,2020,183,13.72,Me,11,4,M,0.0,0.0,1.61,Sh,3.0,42
1717,2020,183,13.72,Me,11,5,M,0.0,0.0,3.35,Sh,3.0,42
1718,2020,183,13.72,Me,11,6,S,0.0,0.0,,,,42
1719,2020,183,13.72,Me,11,7,M,0.0,0.0,0.36,Sh,1.0,42
1720,2020,183,13.72,Me,11,7,M,0.0,0.0,3.28,Sh,4.0,42
1721,2020,183,13.72,Me,11,8,S,0.0,0.0,,,,42
1722,2020,183,13.72,Me,11,9,M,1.0,2.0,8.57,Me,8.0,42
1723,2020,183,13.72,Me,11,10,M,0.0,0.0,4.56,Sh,5.0,42
1724,2020,183,13.72,Me,11,10,M,0.0,0.0,0.81,Sh,4.0,42
1725,2020,183,13.72,Me,11,11,M,0.0,0.0,7.48,Me,5.0,42
1726,2020,184,6.88,Me,6,1,V,,,0.36,Sh,4.0,42
1727,2020,184,6.88,Me,6,2,V,,,2.88,Sh,3.0,42
1728,2020,184,6.88,Me,6,3,B,,,,,,42
1729,2020,184,6.88,Me,6,4,S,0.0,0.0,,,,42
1730,2020,184,6.88,Me,6,5,V,,,1.02,Sh,2.0,42
1731,2020,184,6.88,Me,6,6,M,0.0,0.0,5.86,Me,4.0,42
1732,2020,184,6.88,Me,6,6,V,,,5.3,Me,7.0,42
1733,2020,184,6.88,Me,6,6,M,0.0,0.0,3.74,Sh,4.0,42
1734,2020,185,31.74,Lo,13,1,M,0.0,0.0,2.43,Sh,4.0,42
1735,2020,185,31.74,Lo,13,2,B,,,,,,42
1736,2020,185,31.74,Lo,13,3,V,,,3.54,Sh,3.0,42
1737,2020,185,31.74,Lo,13,4,S,0.0,0.0,,,,42
1738,2020,185,31.74,Lo,13,5,M,1.0,1.0,1.4,Sh,2.0,42
1739,2020,185,31.74,Lo,13,6,S,0.0,0.0,,,,42
1740,2020,185,31.74,Lo,13,7,M,,,,,,42
1741,2020,185,31.74,Lo,13,7,M,,,,,,42
1742,2020,185,31.74,Lo,13,8,M,1.0,2.0,3.09,Sh,2.0,42
1743,2020,185,31.74,Lo,13,9,M,1.0,3.0,1.29,Sh,4.0,42
1744,2020,185,31.74,Lo,13,10,S,0.0,0.0,,,,42
1745,2020,185,31.74,Lo,13,11,M,0.0,0.0,2.16,Sh,3.0,42
1746,2020,185,31.74,Lo,13,11,M,0.0,0.0,3.96,Sh,5.0,42
1747,2020,185,31.74,Lo,13,12,M,1.0,3.0,1.49,Sh,3.0,42
1748,2020,185,31.74,Lo,13,13,M,1.0,4.0,2.76,Sh,1.0,42
1749,2020,186,48.58,VLo,15,1,B,,,,,,42
1750,2020,186,48.58,VLo,15,2,V,,,,,,42
1751,2020,186,48.58,VLo,15,3,B,,,,,,42
1752,2020,186,48.58,VLo,15,4,M,1.0,1.0,4.27,Sh,3.0,42
1753,2020,186,48.58,VLo,15,4,M,1.0,4.0,1.53,Sh,3.0,42
1754,2020,186,48.58,VLo,15,5,V,,,4.52,Sh,2.0,42
1755,2020,186,48.58,VLo,15,6,V,,,3.12,Sh,4.0,42
1756,2020,186,48.58,VLo,15,7,V,,,2.85,Sh,6.0,42
1757,2020,186,48.58,VLo,15,8,S,0.0,0.0,,,,42
1758,2020,186,48.58,VLo,15,9,M,1.0,4.0,4.32,Sh,4.0,42
1759,2020,186,48.58,VLo,15,10,S,0.0,0.0,,,,42
1760,2020,186,48.58,VLo,15,11,M,1.0,4.0,8.4,Me,7.0,42
1761,2020,186,48.58,VLo,15,12,V,,,3.09,Sh,4.0,42
1762,2020,186,48.58,VLo,15,12,M,,,,,,42
1763,2020,186,48.58,VLo,15,12,V,,,6.33,Me,5.0,42
1764,2020,186,48.58,VLo,15,13,M,1.0,3.0,7.64,Me,5.0,42
1765,2020,186,48.58,VLo,15,14,S,0.0,0.0,,,,42
1766,2020,186,48.58,VLo,15,15,V,,,10.93,Me,5.0,42
1767,2020,186,48.58,VLo,15,15,M,1.0,4.0,6.84,Me,4.0,42
1768,2020,186,48.58,VLo,15,15,V,,,6.52,Me,8.0,42
1769,2020,187,40.3,VLo,17,1,V,,,1.79,Sh,4.0,42
1770,2020,187,40.3,VLo,17,2,S,0.0,0.0,,,,42
1771,2020,187,40.3,VLo,17,3,V,,,6.48,Me,6.0,42
1772,2020,187,40.3,VLo,17,4,V,,,3.16,Sh,3.0,42
1773,2020,187,40.3,VLo,17,5,B,,,,,,42
1774,2020,187,40.3,VLo,17,6,M,,,,,,42
1775,2020,187,40.3,VLo,17,7,S,0.0,0.0,,,,42
1776,2020,187,40.3,VLo,17,8,S,0.0,0.0,,,,42
1777,2020,187,40.3,VLo,17,9,S,0.0,0.0,,,,42
1778,2020,187,40.3,VLo,17,10,S,0.0,0.0,,,,42
1779,2020,187,40.3,VLo,17,11,M,1.0,1.0,6.5,Me,4.0,42
1780,2020,187,40.3,VLo,17,12,M,,,,,,42
1781,2020,187,40.3,VLo,17,13,V,,,6.96,Me,6.0,42
1782,2020,187,40.3,VLo,17,13,M,1.0,3.0,10.27,Me,6.0,42
1783,2020,187,40.3,VLo,17,14,S,0.0,0.0,,,,42
1784,2020,187,40.3,VLo,17,15,V,,,5.15,Me,7.0,42
1785,2020,187,40.3,VLo,17,16,S,0.0,0.0,,,,42
1786,2020,187,40.3,VLo,17,17,M,0.0,0.0,5.58,Me,2.0,42
1787,2020,188,34.25,Lo,15,1,V,,,6.16,Me,6.0,42
1788,2020,188,34.25,Lo,15,1,V,,,,,,42
1789,2020,188,34.25,Lo,15,2,V,,,,,,42
1790,2020,188,34.25,Lo,15,3,V,,,4.38,Sh,1.0,42
1791,2020,188,34.25,Lo,15,4,M,1.0,1.0,0.33,Sh,1.0,42
1792,2020,188,34.25,Lo,15,5,V,,,,,,42
1793,2020,188,34.25,Lo,15,5,M,1.0,7.0,7.64,Me,3.0,42
1794,2020,188,34.25,Lo,15,6,S,0.0,0.0,,,,42
1795,2020,188,34.25,Lo,15,7,V,,,6.66,Me,5.0,42
1796,2020,188,34.25,Lo,15,8,M,0.0,0.0,0.74,Sh,4.0,42
1797,2020,188,34.25,Lo,15,9,S,0.0,0.0,,,,42
1798,2020,188,34.25,Lo,15,10,M,0.0,0.0,9.14,Me,6.0,42
1799,2020,188,34.25,Lo,15,11,M,0.0,0.0,2.71,Sh,4.0,42
1800,2020,188,34.25,Lo,15,12,M,0.0,0.0,1.94,Sh,4.0,42
1801,2020,188,34.25,Lo,15,13,V,,,1.74,Sh,3.0,42
1802,2020,188,34.25,Lo,15,13,V,,,4.12,Sh,3.0,42
1803,2020,188,34.25,Lo,15,13,V,,,8.22,Me,8.0,42
1804,2020,188,34.25,Lo,15,14,V,,,9.87,Me,5.0,42
1805,2020,188,34.25,Lo,15,15,S,0.0,0.0,,,,42
1806,2020,189,43.97,VLo,15,1,V,,,0.55,Sh,1.0,42
1807,2020,189,43.97,VLo,15,1,M,0.0,0.0,0.97,Sh,2.0,42
1808,2020,189,43.97,VLo,15,2,B,,,,,,42
1809,2020,189,43.97,VLo,15,3,S,0.0,0.0,,,,42
1810,2020,189,43.97,VLo,15,4,M,0.0,0.0,1.06,Sh,3.0,42
1811,2020,189,43.97,VLo,15,5,M,1.0,2.0,1.6,Sh,2.0,42
1812,2020,189,43.97,VLo,15,5,M,0.0,0.0,0.86,Sh,1.0,42
1813,2020,189,43.97,VLo,15,6,S,0.0,0.0,,,,42
1814,2020,189,43.97,VLo,15,7,M,1.0,4.0,4.7,Sh,5.0,42
1815,2020,189,43.97,VLo,15,7,M,0.0,0.0,7.86,Me,4.0,42
1816,2020,189,43.97,VLo,15,8,S,0.0,0.0,,,,42
1817,2020,189,43.97,VLo,15,9,S,0.0,0.0,,,,42
1818,2020,189,43.97,VLo,15,10,M,1.0,3.0,1.61,Sh,3.0,42
1819,2020,189,43.97,VLo,15,11,V,,,6.31,Me,1.0,42
1820,2020,189,43.97,VLo,15,12,S,0.0,0.0,,,,42
1821,2020,189,43.97,VLo,15,13,M,0.0,0.0,9.0,Me,5.0,42
1822,2020,189,43.97,VLo,15,14,M,0.0,0.0,8.95,Me,5.0,42
1823,2020,189,43.97,VLo,15,15,V,,,4.94,Sh,3.0,42
1824,2020,190,34.25,Lo,14,1,V,,,0.03,Sh,1.0,42
1825,2020,190,34.25,Lo,14,1,V,,,2.89,Sh,5.0,42
1826,2020,190,34.25,Lo,14,1,V,,,0.71,Sh,2.0,42
1827,2020,190,34.25,Lo,14,2,V,,,0.28,Sh,1.0,42
1828,2020,190,34.25,Lo,14,3,B,,,,,,42
1829,2020,190,34.25,Lo,14,4,M,,,,,,42
1830,2020,190,34.25,Lo,14,4,M,,,,,,42
1831,2020,190,34.25,Lo,14,4,M,1.0,3.0,3.53,Sh,4.0,42
1832,2020,190,34.25,Lo,14,5,V,,,3.63,Sh,2.0,42
1833,2020,190,34.25,Lo,14,6,S,0.0,0.0,,,,42
1834,2020,190,34.25,Lo,14,7,S,0.0,0.0,,,,42
1835,2020,190,34.25,Lo,14,8,V,,,1.76,Sh,3.0,42
1836,2020,190,34.25,Lo,14,9,V,,,7.72,Me,7.0,42
1837,2020,190,34.25,Lo,14,9,V,,,3.28,Sh,2.0,42
1838,2020,190,34.25,Lo,14,10,S,0.0,0.0,,,,42
1839,2020,190,34.25,Lo,14,11,V,,,2.05,Sh,1.0,42
1840,2020,190,34.25,Lo,14,12,M,0.0,0.0,1.94,Sh,1.0,42
1841,2020,190,34.25,Lo,14,13,M,1.0,3.0,11.54,Me,7.0,42
1842,2020,190,34.25,Lo,14,14,M,1.0,2.0,1.53,Sh,4.0,42
1843,2020,194,5.75,Me,2,1,V,,,2.05,Sh,2.0,42
1844,2020,194,5.75,Me,2,1,V,,,3.49,Sh,1.0,42
1845,2020,194,5.75,Me,2,2,V,,,7.32,Me,7.0,42
1846,2020,195,4.64,Sh,3,1,S,0.0,0.0,,,,42
1847,2020,195,4.64,Sh,3,2,M,0.0,0.0,3.96,Sh,3.0,42
1848,2020,195,4.64,Sh,3,3,V,,,1.06,Sh,1.0,42
1849,2020,196,4.3,Sh,2,1,V,,,0.23,Sh,2.0,42
1850,2020,196,4.3,Sh,2,1,M,0.0,0.0,0.1,Sh,4.0,42
1851,2020,196,4.3,Sh,2,2,B,,,,,,42
1852,2020,197,0.04,Sh,2,1,B,,,,,,42
1853,2020,197,0.04,Sh,2,2,M,1.0,2.0,5.2,Me,3.0,42
1854,2020,198,2.11,Sh,4,1,B,,,,,,42
1855,2020,198,2.11,Sh,4,2,M,,,,,,42
1856,2020,198,2.11,Sh,4,3,V,,,0.7,Sh,3.0,42
1857,2020,198,2.11,Sh,4,3,V,,,4.52,Sh,6.0,42
1858,2020,198,2.11,Sh,4,4,S,0.0,0.0,,,,42
1859,2020,199,3.04,Sh,5,1,M,,,,,,42
1860,2020,199,3.04,Sh,5,2,V,,,2.38,Sh,3.0,42
1861,2020,199,3.04,Sh,5,3,S,0.0,0.0,,,,42
1862,2020,199,3.04,Sh,5,4,S,0.0,0.0,,,,42
1863,2020,199,3.04,Sh,5,5,V,,,5.94,Me,2.0,42
1864,2020,200,8.69,Me,4,1,B,,,,,,42
1865,2020,200,8.69,Me,4,2,B,,,,,,42
1866,2020,200,8.69,Me,4,3,S,0.0,0.0,,,,42
1867,2020,200,8.69,Me,4,4,V,,,2.47,Sh,3.0,42
1868,2020,201,9.06,Me,6,1,V,,,3.75,Sh,1.0,42
1869,2020,201,9.06,Me,6,2,V,,,3.14,Sh,2.0,42
1870,2020,201,9.06,Me,6,3,B,,,,,,42
1871,2020,201,9.06,Me,6,4,M,1.0,5.0,0.66,Sh,3.0,42
1872,2020,201,9.06,Me,6,4,V,,,8.8,Me,3.0,42
1873,2020,201,9.06,Me,6,5,S,0.0,0.0,,,,42
1874,2020,201,9.06,Me,6,6,M,0.0,0.0,2.44,Sh,3.0,42
1875,2020,202,9.88,Me,8,1,V,,,,,,42
1876,2020,202,9.88,Me,8,2,B,,,,,,42
1877,2020,202,9.88,Me,8,3,S,0.0,0.0,,,,42
1878,2020,202,9.88,Me,8,4,V,,,,,,42
1879,2020,202,9.88,Me,8,5,M,1.0,3.0,5.11,Me,7.0,42
1880,2020,202,9.88,Me,8,6,M,0.0,0.0,4.89,Sh,5.0,42
1881,2020,202,9.88,Me,8,6,M,0.0,0.0,5.24,Me,5.0,42
1882,2020,202,9.88,Me,8,6,M,1.0,3.0,1.65,Sh,4.0,42
1883,2020,202,9.88,Me,8,6,V,,,4.75,Sh,4.0,42
1884,2020,202,9.88,Me,8,7,M,0.0,0.0,5.76,Me,4.0,42
1885,2020,202,9.88,Me,8,7,M,1.0,5.0,2.0,Sh,4.0,42
1886,2020,202,9.88,Me,8,8,M,0.0,0.0,4.79,Sh,5.0,42
1887,2020,203,19.63,Me,9,1,V,,,3.5,Sh,5.0,42
1888,2020,203,19.63,Me,9,2,B,,,,,,42
1889,2020,203,19.63,Me,9,3,B,,,,,,42
1890,2020,203,19.63,Me,9,4,S,0.0,0.0,,,,42
1891,2020,203,19.63,Me,9,5,V,,,4.4,Sh,4.0,42
1892,2020,203,19.63,Me,9,6,M,0.0,0.0,5.96,Me,5.0,42
1893,2020,203,19.63,Me,9,6,M,1.0,3.0,2.93,Sh,5.0,42
1894,2020,203,19.63,Me,9,7,M,1.0,7.0,3.97,Sh,3.0,42
1895,2020,203,19.63,Me,9,8,M,0.0,0.0,3.48,Sh,7.0,42
1896,2020,203,19.63,Me,9,8,M,1.0,6.0,6.36,Me,1.0,42
1897,2020,203,19.63,Me,9,9,V,,,6.94,Me,5.0,42
1898,2020,204,13.17,Me,6,1,V,,,,,,42
1899,2020,204,13.17,Me,6,1,V,,,,,,42
1900,2020,204,13.17,Me,6,2,V,,,5.72,Me,7.0,42
1901,2020,204,13.17,Me,6,3,B,,,,,,42
1902,2020,204,13.17,Me,6,4,S,0.0,0.0,,,,42
1903,2020,204,13.17,Me,6,5,M,0.0,0.0,6.43,Me,7.0,42
1904,2020,204,13.17,Me,6,6,M,0.0,0.0,4.26,Sh,5.0,42
1905,2020,205,36.53,Lo,15,1,V,,,3.42,Sh,5.0,42
1906,2020,205,36.53,Lo,15,2,M,0.0,0.0,2.47,Sh,1.0,42
1907,2020,205,36.53,Lo,15,3,M,1.0,2.0,1.14,Sh,4.0,42
1908,2020,205,36.53,Lo,15,4,B,,,,,,42
1909,2020,205,36.53,Lo,15,5,V,,,2.71,Sh,5.0,42
1910,2020,205,36.53,Lo,15,6,S,0.0,0.0,,,,42
1911,2020,205,36.53,Lo,15,7,S,0.0,0.0,,,,42
1912,2020,205,36.53,Lo,15,8,S,0.0,0.0,,,,42
1913,2020,205,36.53,Lo,15,9,S,0.0,0.0,,,,42
1914,2020,205,36.53,Lo,15,10,S,0.0,0.0,,,,42
1915,2020,205,36.53,Lo,15,11,M,1.0,2.0,4.81,Sh,2.0,42
1916,2020,205,36.53,Lo,15,12,V,,,7.01,Me,7.0,42
1917,2020,205,36.53,Lo,15,13,M,0.0,0.0,6.52,Me,5.0,42
1918,2020,205,36.53,Lo,15,13,M,1.0,3.0,1.25,Sh,3.0,42
1919,2020,205,36.53,Lo,15,14,V,,,6.73,Me,3.0,42
1920,2020,205,36.53,Lo,15,15,V,,,7.08,Me,8.0,42
1921,2020,206,32.3,Lo,12,1,S,0.0,0.0,,,,42
1922,2020,206,32.3,Lo,12,2,S,0.0,0.0,,,,42
1923,2020,206,32.3,Lo,12,3,B,,,,,,42
1924,2020,206,32.3,Lo,12,4,M,0.0,0.0,5.2,Me,5.0,42
1925,2020,206,32.3,Lo,12,4,M,1.0,4.0,4.04,Sh,4.0,42
1926,2020,206,32.3,Lo,12,5,S,0.0,0.0,,,,42
1927,2020,206,32.3,Lo,12,6,V,,,1.73,Sh,3.0,42
1928,2020,206,32.3,Lo,12,7,S,0.0,0.0,,,,42
1929,2020,206,32.3,Lo,12,8,V,,,4.78,Sh,4.0,42
1930,2020,206,32.3,Lo,12,9,S,0.0,0.0,,,,42
1931,2020,206,32.3,Lo,12,10,M,0.0,0.0,3.41,Sh,4.0,42
1932,2020,206,32.3,Lo,12,11,S,0.0,0.0,,,,42
1933,2020,206,32.3,Lo,12,12,M,1.0,2.0,4.24,Sh,6.0,42
1934,2020,206,32.3,Lo,12,12,M,0.0,0.0,1.36,Sh,1.0,42
1935,2020,207,16.9,Me,10,1,V,,,1.11,Sh,1.0,42
1936,2020,207,16.9,Me,10,1,V,,,0.19,Sh,2.0,42
1937,2020,207,16.9,Me,10,2,V,,,5.63,Me,6.0,42
1938,2020,207,16.9,Me,10,3,S,0.0,0.0,,,,42
1939,2020,207,16.9,Me,10,4,B,,,,,,42
1940,2020,207,16.9,Me,10,5,S,0.0,0.0,,,,42
1941,2020,207,16.9,Me,10,6,S,0.0,0.0,,,,42
1942,2020,207,16.9,Me,10,7,M,0.0,0.0,6.77,Me,4.0,42
1943,2020,207,16.9,Me,10,8,M,1.0,1.0,0.89,Sh,1.0,42
1944,2020,207,16.9,Me,10,9,M,1.0,2.0,3.47,Sh,4.0,42
1945,2020,207,16.9,Me,10,10,M,1.0,4.0,9.28,Me,7.0,42
1946,2020,208,42.67,VLo,16,1,V,,,0.8,Sh,3.0,42
1947,2020,208,42.67,VLo,16,2,M,,,,,,42
1948,2020,208,42.67,VLo,16,2,V,,,1.81,Sh,3.0,42
1949,2020,208,42.67,VLo,16,3,B,,,,,,42
1950,2020,208,42.67,VLo,16,4,B,,,,,,42
1951,2020,208,42.67,VLo,16,5,M,1.0,2.0,3.55,Sh,5.0,42
1952,2020,208,42.67,VLo,16,6,M,1.0,5.0,7.99,Me,7.0,42
1953,2020,208,42.67,VLo,16,7,M,1.0,3.0,4.49,Sh,4.0,42
1954,2020,208,42.67,VLo,16,8,M,1.0,3.0,1.06,Sh,2.0,42
1955,2020,208,42.67,VLo,16,9,V,,,5.57,Me,2.0,42
1956,2020,208,42.67,VLo,16,9,V,,,5.19,Me,7.0,42
1957,2020,208,42.67,VLo,16,10,M,1.0,5.0,4.83,Sh,6.0,42
1958,2020,208,42.67,VLo,16,11,S,0.0,0.0,,,,42
1959,2020,208,42.67,VLo,16,12,V,,,5.95,Me,5.0,42
1960,2020,208,42.67,VLo,16,13,S,0.0,0.0,,,,42
1961,2020,208,42.67,VLo,16,14,V,,,4.33,Sh,4.0,42
1962,2020,208,42.67,VLo,16,15,V,,,7.49,Me,6.0,42
1963,2020,208,42.67,VLo,16,16,M,,,,,,42
1964,2020,208,42.67,VLo,16,16,V,,,8.41,Me,7.0,42
1965,2020,208,42.67,VLo,16,16,V,,,6.47,Me,5.0,42
1966,2020,209,39.1,Lo,15,1,V,,,4.8,Sh,5.0,42
1967,2020,209,39.1,Lo,15,2,B,,,,,,42
1968,2020,209,39.1,Lo,15,3,V,,,1.49,Sh,2.0,42
1969,2020,209,39.1,Lo,15,4,B,,,,,,42
1970,2020,209,39.1,Lo,15,5,V,,,2.04,Sh,4.0,42
1971,2020,209,39.1,Lo,15,6,M,0.0,0.0,1.08,Sh,4.0,42
1972,2020,209,39.1,Lo,15,6,M,1.0,2.0,2.51,Sh,4.0,42
1973,2020,209,39.1,Lo,15,6,M,0.0,0.0,4.79,Sh,4.0,42
1974,2020,209,39.1,Lo,15,6,M,0.0,0.0,6.58,Me,4.0,42
1975,2020,209,39.1,Lo,15,7,V,,,0.83,Sh,1.0,42
1976,2020,209,39.1,Lo,15,8,M,1.0,3.0,3.53,Sh,4.0,42
1977,2020,209,39.1,Lo,15,9,V,,,5.0,Sh,4.0,42
1978,2020,209,39.1,Lo,15,10,V,,,0.66,Sh,2.0,42
1979,2020,209,39.1,Lo,15,11,S,0.0,0.0,,,,42
1980,2020,209,39.1,Lo,15,12,V,,,2.8,Sh,3.0,42
1981,2020,209,39.1,Lo,15,12,V,,,4.03,Sh,2.0,42
1982,2020,209,39.1,Lo,15,13,V,,,2.72,Sh,1.0,42
1983,2020,209,39.1,Lo,15,14,V,,,1.83,Sh,4.0,42
1984,2020,209,39.1,Lo,15,15,M,0.0,0.0,2.85,Sh,1.0,42
1985,2020,209,39.1,Lo,15,15,V,,,4.95,Sh,2.0,42
1986,2020,209,39.1,Lo,15,15,M,0.0,0.0,6.52,Me,5.0,42
1987,2020,210,29.66,Lo,12,1,V,,,2.79,Sh,3.0,42
1988,2020,210,29.66,Lo,12,1,V,,,,,,42
1989,2020,210,29.66,Lo,12,2,V,,,5.18,Me,3.0,42
1990,2020,210,29.66,Lo,12,3,M,0.0,0.0,4.52,Sh,6.0,42
1991,2020,210,29.66,Lo,12,4,S,0.0,0.0,,,,42
1992,2020,210,29.66,Lo,12,5,M,,,,,,42
1993,2020,210,29.66,Lo,12,5,M,0.0,0.0,3.09,Sh,3.0,42
1994,2020,210,29.66,Lo,12,5,V,,,3.66,Sh,3.0,42
1995,2020,210,29.66,Lo,12,5,M,1.0,2.0,0.16,Sh,1.0,42
1996,2020,210,29.66,Lo,12,6,M,0.0,0.0,5.36,Me,6.0,42
1997,2020,210,29.66,Lo,12,7,V,,,2.55,Sh,3.0,42
1998,2020,210,29.66,Lo,12,7,V,,,1.68,Sh,1.0,42
1999,2020,210,29.66,Lo,12,8,M,0.0,0.0,2.04,Sh,3.0,42
2000,2020,210,29.66,Lo,12,8,M,0.0,0.0,1.92,Sh,4.0,42
2001,2020,210,29.66,Lo,12,9,M,1.0,1.0,2.23,Sh,2.0,42
2002,2020,210,29.66,Lo,12,9,M,0.0,0.0,2.47,Sh,4.0,42
2003,2020,210,29.66,Lo,12,10,V,,,5.48,Me,8.0,42
2004,2020,210,29.66,Lo,12,11,M,1.0,5.0,5.2,Me,4.0,42
2005,2020,210,29.66,Lo,12,11,M,0.0,0.0,5.18,Me,5.0,42
2006,2020,210,29.66,Lo,12,12,V,,,0.17,Sh,1.0,42
